timestamp,city,temperature,weather,description
2025-08-05 18:11:34,Mumbai,28.99,Haze,haze
2025-08-05 18:11:34,Hyderabad,26.73,Mist,mist
2025-08-05 18:11:34,Delhi,28.05,Mist,mist
2025-08-05 18:11:34,Chennai,29.16,Thunderstorm,thunderstorm
2025-08-05 18:11:34,Kolkata,25.97,Clouds,broken clouds
2025-08-05 18:14:50,Mumbai,28.99,Haze,haze
2025-08-05 18:14:50,Hyderabad,26.73,Mist,mist
2025-08-05 18:14:50,Delhi,28.05,Mist,mist
2025-08-05 18:14:50,Chennai,29.16,Mist,mist
2025-08-05 18:14:50,Kolkata,25.97,Clouds,broken clouds
2025-08-06 02:36:49,Mumbai,28.99,Mist,mist
2025-08-06 02:36:49,Hyderabad,27.23,Mist,mist
2025-08-06 02:36:49,Delhi,28.05,Mist,mist
2025-08-06 02:36:49,Chennai,29.66,Clouds,few clouds
2025-08-06 02:36:49,Kolkata,25.97,Clouds,overcast clouds
2025-08-06 05:01:02,Mumbai,28.99,Haze,haze
2025-08-06 05:01:02,Hyderabad,30.23,Haze,haze
2025-08-06 05:01:03,Delhi,30.05,Haze,haze
2025-08-06 05:01:03,Chennai,33.87,Clouds,scattered clouds
2025-08-06 05:01:03,Kolkata,27.97,Clouds,overcast clouds
2025-08-06 08:50:09,Mumbai,30.99,Haze,haze
2025-08-06 08:50:09,Hyderabad,32.23,Haze,haze
2025-08-06 08:50:09,Delhi,33.05,Haze,haze
2025-08-06 08:50:09,Chennai,33.44,Clouds,scattered clouds
2025-08-06 08:50:09,Kolkata,28.97,Clouds,overcast clouds
2025-08-06 13:12:01,Mumbai,29.99,Haze,haze
2025-08-06 13:12:01,Hyderabad,31.23,Haze,haze
2025-08-06 13:12:01,Delhi,32.05,Haze,haze
2025-08-06 13:12:01,Chennai,30.49,Mist,mist
2025-08-06 13:12:01,Kolkata,28.97,Haze,haze
2025-08-06 16:50:01,Mumbai,28.99,Haze,haze
2025-08-06 16:50:01,Hyderabad,26.23,Haze,haze
2025-08-06 16:50:01,Delhi,30.05,Mist,mist
2025-08-06 16:50:02,Chennai,29.84,Mist,mist
2025-08-06 16:50:02,Kolkata,26.97,Haze,haze
2025-08-07 02:36:45,Mumbai,24.99,Clouds,broken clouds
2025-08-07 02:36:46,Hyderabad,26.23,Mist,mist
2025-08-07 02:36:46,Delhi,28.05,Mist,mist
2025-08-07 02:36:46,Chennai,29.63,Clouds,broken clouds
2025-08-07 02:36:46,Kolkata,27.97,Haze,haze
2025-08-07 05:00:19,Mumbai,25.99,Clouds,overcast clouds
2025-08-07 05:00:19,Hyderabad,29.23,Mist,mist
2025-08-07 05:00:20,Delhi,32.05,Clear,clear sky
2025-08-07 05:00:20,Chennai,32.6,Clouds,broken clouds
2025-08-07 05:00:20,Kolkata,28.97,Haze,haze
2025-08-07 08:50:16,Mumbai,29.99,Haze,haze
2025-08-07 08:50:16,Hyderabad,33.23,Haze,haze
2025-08-07 08:50:16,Delhi,34.05,Clouds,broken clouds
2025-08-07 08:50:16,Chennai,33.88,Clouds,scattered clouds
2025-08-07 08:50:16,Kolkata,29.97,Haze,haze
2025-08-07 13:11:31,Mumbai,28.99,Haze,haze
2025-08-07 13:11:31,Hyderabad,26.23,Haze,haze
2025-08-07 13:11:31,Delhi,34.05,Haze,haze
2025-08-07 13:11:31,Chennai,30.65,Clouds,scattered clouds
2025-08-07 13:11:31,Kolkata,28.97,Haze,haze
2025-08-07 16:48:19,Mumbai,27.99,Mist,mist
2025-08-07 16:48:19,Hyderabad,22.23,Thunderstorm,thunderstorm with light rain
2025-08-07 16:48:19,Delhi,30.05,Haze,haze
2025-08-07 16:48:19,Chennai,29.96,Mist,mist
2025-08-07 16:48:19,Kolkata,25.97,Clouds,broken clouds
2025-08-08 02:36:39,Mumbai,27.99,Mist,mist
2025-08-08 02:36:39,Hyderabad,24.23,Drizzle,light intensity drizzle
2025-08-08 02:36:39,Delhi,29.05,Haze,haze
2025-08-08 02:36:39,Chennai,28.25,Mist,mist
2025-08-08 02:36:39,Kolkata,25.97,Clouds,overcast clouds
2025-08-08 04:59:59,Mumbai,27.65,Clouds,overcast clouds
2025-08-08 05:00:00,Hyderabad,28.41,Clouds,overcast clouds
2025-08-08 05:00:00,Delhi,32.76,Clouds,scattered clouds
2025-08-08 05:00:01,Chennai,34.39,Clouds,overcast clouds
2025-08-08 05:00:02,Kolkata,29.65,Clouds,overcast clouds
2025-08-08 08:48:58,Mumbai,28.99,Clouds,broken clouds
2025-08-08 08:48:58,Hyderabad,27.23,Haze,haze
2025-08-08 08:48:58,Delhi,34.05,Haze,haze
2025-08-08 08:48:58,Chennai,32.11,Clouds,overcast clouds
2025-08-08 08:48:58,Kolkata,27.97,Haze,haze

2025-08-08 13:09:56,Mumbai,28.99,Clouds,broken clouds
2025-08-08 13:09:56,Hyderabad,27.23,Haze,haze
2025-08-08 13:09:56,Delhi,34.05,Haze,haze
2025-08-08 13:09:57,Chennai,29.84,Clouds,overcast clouds
2025-08-08 13:09:57,Kolkata,27.97,Haze,haze
2025-08-08 16:43:55,Mumbai,26.99,Mist,mist
2025-08-08 16:43:55,Hyderabad,26.23,Haze,haze
2025-08-08 16:43:55,Delhi,30.05,Thunderstorm,thunderstorm
2025-08-08 16:43:55,Chennai,29.16,Mist,mist
2025-08-08 16:43:55,Kolkata,27.97,Haze,haze
2025-08-09 02:23:24,Mumbai,25.99,Mist,mist
2025-08-09 02:23:24,Hyderabad,25.23,Haze,haze
2025-08-09 02:23:24,Delhi,25.05,Thunderstorm,thunderstorm with rain
2025-08-09 02:23:24,Chennai,28.59,Mist,mist
2025-08-09 02:23:24,Kolkata,28.97,Haze,haze
2025-08-09 04:47:08,Mumbai,27.99,Mist,mist
2025-08-09 04:47:08,Hyderabad,26.23,Haze,haze
2025-08-09 04:47:08,Delhi,26.05,Thunderstorm,thunderstorm with rain
2025-08-09 04:47:08,Chennai,31.5,Mist,mist
2025-08-09 04:47:08,Kolkata,30.97,Haze,haze
2025-08-09 08:43:29,Mumbai,30.99,Haze,haze
2025-08-09 08:43:29,Hyderabad,29.23,Haze,haze
2025-08-09 08:43:29,Delhi,27.05,Drizzle,drizzle
2025-08-09 08:43:29,Chennai,32.89,Clouds,scattered clouds
2025-08-09 08:43:29,Kolkata,30.97,Haze,haze
2025-08-09 13:02:48,Mumbai,29.99,Haze,haze
2025-08-09 13:02:48,Hyderabad,28.23,Haze,haze
2025-08-09 13:02:49,Delhi,27.05,Mist,mist
2025-08-09 13:02:49,Chennai,29.89,Clouds,scattered clouds
2025-08-09 13:02:49,Kolkata,29.97,Haze,haze
2025-08-09 16:44:12,Mumbai,28.99,Haze,haze
2025-08-09 16:44:12,Hyderabad,23.23,Clouds,scattered clouds
2025-08-09 16:44:12,Delhi,26.05,Mist,mist
2025-08-09 16:44:13,Chennai,28.92,Clouds,scattered clouds
2025-08-09 16:44:13,Kolkata,27.97,Haze,haze
2025-08-10 02:40:21,Mumbai,26.99,Mist,mist
2025-08-10 02:40:21,Hyderabad,24.23,Mist,mist
2025-08-10 02:40:21,Delhi,28.05,Mist,mist
2025-08-10 02:40:21,Chennai,29.45,Clouds,overcast clouds
2025-08-10 02:40:21,Kolkata,29.97,Haze,haze
2025-08-10 04:54:52,Mumbai,26.99,Mist,mist
2025-08-10 04:54:52,Hyderabad,26.23,Haze,haze
2025-08-10 04:54:52,Delhi,30.05,Mist,mist
2025-08-10 04:54:52,Chennai,31.71,Clouds,overcast clouds
2025-08-10 04:54:53,Kolkata,32.97,Haze,haze
2025-08-10 08:43:03,Mumbai,28.99,Clouds,broken clouds
2025-08-10 08:43:03,Hyderabad,29.23,Haze,haze
2025-08-10 08:43:03,Delhi,32.05,Haze,haze
2025-08-10 08:43:03,Chennai,34.14,Clouds,overcast clouds
2025-08-10 08:43:03,Kolkata,33.97,Haze,haze
2025-08-10 13:03:02,Mumbai,28.99,Haze,haze
2025-08-10 13:03:02,Hyderabad,26.23,Haze,haze
2025-08-10 13:03:02,Delhi,32.05,Haze,haze
2025-08-10 13:03:02,Chennai,28.86,Drizzle,light intensity drizzle
2025-08-10 13:03:02,Kolkata,30.97,Haze,haze
2025-08-10 16:44:33,Mumbai,26.99,Mist,mist
2025-08-10 16:44:33,Hyderabad,25.23,Haze,haze
2025-08-10 16:44:33,Delhi,30.05,Mist,mist
2025-08-10 16:44:33,Chennai,26.53,Mist,mist
2025-08-10 16:44:34,Kolkata,28.97,Haze,haze
2025-08-11 02:36:13,Mumbai,27.99,Mist,mist
2025-08-11 02:36:13,Hyderabad,24.23,Mist,mist
2025-08-11 02:36:13,Delhi,29.05,Mist,mist
2025-08-11 02:36:13,Chennai,28.54,Clouds,overcast clouds
2025-08-11 02:36:13,Kolkata,30.97,Haze,haze
2025-08-11 04:59:02,Mumbai,29.99,Haze,haze
2025-08-11 04:59:03,Hyderabad,25.23,Mist,mist
2025-08-11 04:59:03,Delhi,31.05,Haze,haze
2025-08-11 04:59:03,Chennai,30.93,Haze,haze
2025-08-11 04:59:03,Kolkata,31.97,Haze,haze
2025-08-11 08:48:51,Mumbai,30.99,Haze,haze
2025-08-11 08:48:51,Hyderabad,30.23,Haze,haze
2025-08-11 08:48:51,Delhi,32.05,Haze,haze
2025-08-11 08:48:51,Chennai,33.94,Clouds,scattered clouds
2025-08-11 08:48:51,Kolkata,29.97,Clouds,overcast clouds
2025-08-11 13:09:06,Mumbai,29.99,Haze,haze
2025-08-11 13:09:06,Hyderabad,25.23,Clouds,scattered clouds
2025-08-11 13:09:06,Delhi,32.05,Haze,haze
2025-08-11 13:09:06,Chennai,29.26,Mist,mist
2025-08-11 13:09:06,Kolkata,29.97,Haze,haze
2025-08-11 16:48:10,Mumbai,28.99,Haze,haze
2025-08-11 16:48:10,Hyderabad,23.73,Mist,mist
2025-08-11 16:48:10,Delhi,30.05,Mist,mist
2025-08-11 16:48:10,Chennai,27.4,Mist,mist
2025-08-11 16:48:10,Kolkata,28.97,Haze,haze
2025-08-12 02:22:29,Mumbai,26.99,Clouds,scattered clouds
2025-08-12 02:22:29,Hyderabad,23.23,Clouds,overcast clouds
2025-08-12 02:22:29,Delhi,27.05,Mist,mist
2025-08-12 02:22:29,Chennai,26.89,Drizzle,light intensity drizzle
2025-08-12 02:22:29,Kolkata,29.97,Haze,haze
2025-08-12 04:46:19,Mumbai,28.99,Haze,haze
2025-08-12 04:46:19,Hyderabad,24.23,Mist,mist
2025-08-12 04:46:19,Delhi,28.05,Mist,mist
2025-08-12 04:46:19,Chennai,28.88,Clouds,broken clouds
2025-08-12 04:46:19,Kolkata,31.97,Haze,haze
2025-08-12 08:46:11,Mumbai,30.99,Haze,haze
2025-08-12 08:46:11,Hyderabad,28.23,Haze,haze
2025-08-12 08:46:11,Delhi,32.05,Haze,haze
2025-08-12 08:46:11,Chennai,30.54,Clouds,broken clouds
2025-08-12 08:46:11,Kolkata,33.97,Haze,haze
2025-08-12 13:05:57,Mumbai,28.99,Haze,haze
2025-08-12 13:05:57,Hyderabad,27.23,Haze,haze
2025-08-12 13:05:57,Delhi,32.05,Haze,haze
2025-08-12 13:05:57,Chennai,29.91,Clouds,broken clouds
2025-08-12 13:05:58,Kolkata,30.97,Haze,haze
2025-08-12 16:47:16,Mumbai,27.99,Haze,haze
2025-08-12 16:47:16,Hyderabad,25.23,Haze,haze
2025-08-12 16:47:16,Delhi,30.05,Haze,haze
2025-08-12 16:47:16,Chennai,28.57,Mist,mist
2025-08-12 16:47:16,Kolkata,29.97,Haze,haze
2025-08-13 02:24:29,Mumbai,26.99,Mist,mist
2025-08-13 02:24:29,Hyderabad,23.23,Mist,mist
2025-08-13 02:24:29,Delhi,29.05,Mist,mist
2025-08-13 02:24:29,Chennai,26.46,Drizzle,light intensity drizzle
2025-08-13 02:24:29,Kolkata,28.97,Haze,haze
2025-08-13 04:48:32,Mumbai,27.99,Mist,mist
2025-08-13 04:48:32,Hyderabad,25.23,Mist,mist
2025-08-13 04:48:32,Delhi,31.05,Haze,haze
2025-08-13 04:48:32,Chennai,26.73,Clouds,overcast clouds
2025-08-13 04:48:32,Kolkata,30.97,Haze,haze
2025-08-13 08:47:07,Mumbai,27.99,Haze,haze
2025-08-13 08:47:07,Hyderabad,26.23,Clouds,overcast clouds
2025-08-13 08:47:07,Delhi,33.05,Haze,haze
2025-08-13 08:47:07,Chennai,28.14,Mist,mist
2025-08-13 08:47:07,Kolkata,30.97,Haze,haze
2025-08-13 13:07:10,Mumbai,27.99,Haze,haze
2025-08-13 13:07:10,Hyderabad,24.23,Mist,mist
2025-08-13 13:07:10,Delhi,33.05,Haze,haze
2025-08-13 13:07:10,Chennai,27.72,Mist,mist
2025-08-13 13:07:10,Kolkata,29.97,Haze,haze
2025-08-13 16:42:34,Mumbai,25.99,Mist,mist
2025-08-13 16:42:34,Hyderabad,24.23,Mist,mist
2025-08-13 16:42:34,Delhi,31.05,Haze,haze
2025-08-13 16:42:35,Chennai,27.71,Mist,mist
2025-08-13 16:42:35,Kolkata,27.97,Haze,haze
2025-08-14 02:25:26,Mumbai,24.99,Clouds,overcast clouds
2025-08-14 02:25:26,Hyderabad,23.23,Drizzle,light intensity drizzle
2025-08-14 02:25:26,Delhi,25.05,Clouds,overcast clouds
2025-08-14 02:25:26,Chennai,26.93,Mist,mist
2025-08-14 02:25:27,Kolkata,28.97,Haze,haze
2025-08-14 04:48:06,Mumbai,24.99,Clouds,overcast clouds
2025-08-14 04:48:06,Hyderabad,24.23,Drizzle,light intensity drizzle
2025-08-14 04:48:06,Delhi,25.05,Clouds,overcast clouds
2025-08-14 04:48:06,Chennai,31.23,Haze,haze
2025-08-14 04:48:06,Kolkata,27.97,Haze,haze
2025-08-14 08:47:04,Mumbai,27.99,Mist,mist
2025-08-14 08:47:04,Hyderabad,27.23,Haze,haze
2025-08-14 08:47:04,Delhi,27.05,Clouds,overcast clouds
2025-08-14 08:47:04,Chennai,33.15,Clouds,scattered clouds
2025-08-14 08:47:04,Kolkata,29.97,Haze,haze
2025-08-14 13:07:45,Mumbai,26.99,Haze,haze
2025-08-14 13:07:45,Hyderabad,26.23,Haze,haze
2025-08-14 13:07:45,Delhi,28.05,Mist,mist
2025-08-14 13:07:45,Chennai,29.26,Haze,haze
2025-08-14 13:07:45,Kolkata,28.97,Haze,haze
2025-08-14 16:46:30,Mumbai,24.99,Clouds,broken clouds
2025-08-14 16:46:30,Hyderabad,24.23,Mist,mist
2025-08-14 16:46:30,Delhi,27.05,Mist,mist
2025-08-14 16:46:30,Chennai,27.59,Mist,mist
2025-08-14 16:46:31,Kolkata,27.97,Haze,haze
2025-08-15 02:26:15,Mumbai,25.99,Mist,mist
2025-08-15 02:26:15,Hyderabad,23.23,Mist,mist
2025-08-15 02:26:15,Delhi,27.05,Mist,mist
2025-08-15 02:26:15,Chennai,27.98,Mist,mist
2025-08-15 02:26:15,Kolkata,28.97,Haze,haze
2025-08-15 04:48:01,Mumbai,26.99,Mist,mist
2025-08-15 04:48:01,Hyderabad,25.23,Haze,haze
2025-08-15 04:48:02,Delhi,29.05,Mist,mist
2025-08-15 04:48:02,Chennai,30.88,Clouds,overcast clouds
2025-08-15 04:48:02,Kolkata,31.97,Haze,haze
2025-08-15 08:44:53,Mumbai,26.99,Clouds,overcast clouds
2025-08-15 08:44:53,Hyderabad,27.23,Haze,haze
2025-08-15 08:44:53,Delhi,29.05,Mist,mist
2025-08-15 08:44:53,Chennai,33.9,Clouds,overcast clouds
2025-08-15 08:44:54,Kolkata,27.97,Thunderstorm,thunderstorm with light rain
2025-08-15 13:03:18,Mumbai,25.99,Mist,mist
2025-08-15 13:03:18,Hyderabad,28.23,Haze,haze
2025-08-15 13:03:18,Delhi,29.05,Mist,mist
2025-08-15 13:03:18,Chennai,31.42,Clouds,broken clouds
2025-08-15 13:03:18,Kolkata,27.97,Haze,haze
2025-08-15 16:45:07,Mumbai,26.99,Clouds,broken clouds
2025-08-15 16:45:07,Hyderabad,24.23,Clouds,broken clouds
2025-08-15 16:45:07,Delhi,28.05,Mist,mist
2025-08-15 16:45:07,Chennai,28.07,Mist,mist
2025-08-15 16:45:07,Kolkata,27.97,Haze,haze
2025-08-16 02:19:50,Mumbai,24.99,Clouds,overcast clouds
2025-08-16 02:19:50,Hyderabad,23.23,Rain,light rain
2025-08-16 02:19:50,Delhi,28.05,Mist,mist
2025-08-16 02:19:50,Chennai,28.27,Mist,mist
2025-08-16 02:19:50,Kolkata,28.97,Haze,haze
2025-08-16 04:43:44,Mumbai,24.99,Clouds,overcast clouds
2025-08-16 04:43:44,Hyderabad,24.23,Haze,haze
2025-08-16 04:43:44,Delhi,31.05,Haze,haze
2025-08-16 04:43:44,Chennai,30.9,Clouds,broken clouds
2025-08-16 04:43:44,Kolkata,31.97,Haze,haze
2025-08-16 08:42:40,Mumbai,26.99,Clouds,overcast clouds
2025-08-16 08:42:40,Hyderabad,25.23,Haze,haze
2025-08-16 08:42:40,Delhi,33.05,Haze,haze
2025-08-16 08:42:40,Chennai,32.68,Clouds,broken clouds
2025-08-16 08:42:40,Kolkata,32.97,Clouds,scattered clouds
2025-08-16 13:00:46,Mumbai,25.99,Clouds,overcast clouds
2025-08-16 13:00:47,Hyderabad,25.23,Mist,mist
2025-08-16 13:00:49,Delhi,31.05,Mist,mist
2025-08-16 13:00:49,Chennai,28.11,Mist,mist
2025-08-16 13:00:49,Kolkata,31.97,Haze,haze
2025-08-16 16:41:57,Mumbai,25.99,Clouds,overcast clouds
2025-08-16 16:41:57,Hyderabad,24.23,Mist,mist
2025-08-16 16:41:57,Delhi,29.05,Mist,mist
2025-08-16 16:41:57,Chennai,26.94,Mist,mist
2025-08-16 16:41:57,Kolkata,30.97,Clouds,broken clouds
2025-08-17 02:31:53,Mumbai,24.99,Clouds,overcast clouds
2025-08-17 02:31:53,Hyderabad,24.23,Haze,haze
2025-08-17 02:31:53,Delhi,29.05,Mist,mist
2025-08-17 02:31:53,Chennai,26.63,Mist,mist
2025-08-17 02:31:53,Kolkata,28.97,Haze,haze
2025-08-17 04:49:17,Mumbai,25.99,Clouds,overcast clouds
2025-08-17 04:49:17,Hyderabad,25.23,Haze,haze
2025-08-17 04:49:17,Delhi,31.05,Mist,mist
2025-08-17 04:49:17,Chennai,28.36,Mist,mist
2025-08-17 04:49:17,Kolkata,30.97,Clouds,scattered clouds
2025-08-17 08:42:45,Mumbai,26.99,Clouds,overcast clouds
2025-08-17 08:42:45,Hyderabad,27.23,Haze,haze
2025-08-17 08:42:46,Delhi,33.05,Haze,haze
2025-08-17 08:42:46,Chennai,30.84,Clouds,overcast clouds
2025-08-17 08:42:46,Kolkata,32.97,Haze,haze
2025-08-17 13:01:20,Mumbai,26.99,Mist,mist
2025-08-17 13:01:20,Hyderabad,26.23,Mist,mist
2025-08-17 13:01:20,Delhi,28.05,Mist,mist
2025-08-17 13:01:21,Chennai,29.11,Clouds,overcast clouds
2025-08-17 13:01:21,Kolkata,27.97,Haze,haze
2025-08-17 16:43:11,Mumbai,26.99,Mist,mist
2025-08-17 16:43:11,Hyderabad,24.23,Rain,moderate rain
2025-08-17 16:43:11,Delhi,28.05,Mist,mist
2025-08-17 16:43:11,Chennai,24.99,Drizzle,light intensity drizzle
2025-08-17 16:43:11,Kolkata,28.97,Haze,haze
2025-08-18 02:32:32,Mumbai,24.99,Rain,moderate rain
2025-08-18 02:32:32,Hyderabad,23.23,Drizzle,light intensity drizzle
2025-08-18 02:32:33,Delhi,28.05,Mist,mist
2025-08-18 02:32:33,Chennai,26.44,Mist,mist
2025-08-18 02:32:33,Kolkata,29.97,Haze,haze
2025-08-18 04:53:49,Mumbai,24.99,Rain,heavy intensity rain
2025-08-18 04:53:49,Hyderabad,24.23,Drizzle,light intensity drizzle
2025-08-18 04:53:49,Delhi,30.05,Mist,mist
2025-08-18 04:53:50,Chennai,29.06,Mist,mist
2025-08-18 04:53:50,Kolkata,31.97,Haze,haze
2025-08-18 08:47:55,Mumbai,25.99,Rain,heavy intensity rain
2025-08-18 08:47:55,Hyderabad,25.23,Drizzle,light intensity drizzle
2025-08-18 08:47:55,Delhi,33.05,Haze,haze
2025-08-18 08:47:55,Chennai,32.05,Clouds,broken clouds
2025-08-18 08:47:55,Kolkata,31.97,Haze,haze
2025-08-18 13:07:45,Mumbai,24.99,Clouds,overcast clouds
2025-08-18 13:07:45,Hyderabad,24.23,Drizzle,light intensity drizzle
2025-08-18 13:07:45,Delhi,32.05,Haze,haze
2025-08-18 13:07:45,Chennai,29.19,Drizzle,light intensity drizzle
2025-08-18 13:07:45,Kolkata,28.97,Haze,haze
2025-08-18 16:47:31,Mumbai,26.99,Clouds,overcast clouds
2025-08-18 16:47:31,Hyderabad,23.23,Rain,moderate rain
2025-08-18 16:47:31,Delhi,30.05,Mist,mist
2025-08-18 16:47:31,Chennai,28.38,Mist,mist
2025-08-18 16:47:31,Kolkata,27.97,Haze,haze
2025-08-19 02:17:40,Mumbai,25.99,Rain,moderate rain
2025-08-19 02:17:41,Hyderabad,23.23,Drizzle,light intensity drizzle
2025-08-19 02:17:41,Delhi,29.05,Mist,mist
2025-08-19 02:17:41,Chennai,27.52,Clouds,overcast clouds
2025-08-19 02:17:41,Kolkata,27.97,Haze,haze
2025-08-19 04:41:15,Mumbai,25.99,Rain,heavy intensity rain
2025-08-19 04:41:15,Hyderabad,24.23,Mist,mist
2025-08-19 04:41:15,Delhi,32.05,Haze,haze
2025-08-19 04:41:15,Chennai,30.62,Clouds,overcast clouds
2025-08-19 04:41:15,Kolkata,29.97,Haze,haze
2025-08-19 08:44:31,Mumbai,25.99,Rain,moderate rain
2025-08-19 08:44:31,Hyderabad,26.23,Haze,haze
2025-08-19 08:44:31,Delhi,34.05,Haze,haze
2025-08-19 08:44:31,Chennai,32.75,Clouds,broken clouds
2025-08-19 08:44:31,Kolkata,27.97,Clouds,broken clouds
2025-08-19 13:01:55,Mumbai,25.99,Clouds,overcast clouds
2025-08-19 13:01:55,Hyderabad,23.23,Drizzle,light intensity drizzle
2025-08-19 13:01:55,Delhi,29.05,Mist,mist
2025-08-19 13:01:55,Chennai,32.2,Clouds,broken clouds
2025-08-19 13:01:55,Kolkata,27.97,Haze,haze
2025-08-19 16:44:21,Mumbai,25.99,Clouds,overcast clouds
2025-08-19 16:44:22,Hyderabad,24.23,Mist,mist
2025-08-19 16:44:22,Delhi,28.05,Mist,mist
2025-08-19 16:44:22,Chennai,30.5,Clouds,scattered clouds
2025-08-19 16:44:22,Kolkata,27.97,Haze,haze
2025-08-20 02:15:24,Mumbai,25.99,Rain,light rain
2025-08-20 02:15:24,Hyderabad,23.23,Drizzle,light intensity drizzle
2025-08-20 02:15:24,Delhi,28.05,Mist,mist
2025-08-20 02:15:24,Chennai,28.88,Clouds,broken clouds
2025-08-20 02:15:24,Kolkata,27.97,Rain,moderate rain
2025-08-20 04:41:29,Mumbai,26.99,Haze,haze
2025-08-20 04:41:29,Hyderabad,26.23,Drizzle,light intensity drizzle
2025-08-20 04:41:29,Delhi,31.05,Haze,haze
2025-08-20 04:41:29,Chennai,32.31,Clouds,broken clouds
2025-08-20 04:41:29,Kolkata,27.97,Clouds,overcast clouds
2025-08-20 08:42:45,Mumbai,27.99,Mist,mist
2025-08-20 08:42:45,Hyderabad,26.23,Haze,haze
2025-08-20 08:42:45,Delhi,33.05,Haze,haze
2025-08-20 08:42:45,Chennai,35.13,Clouds,scattered clouds
2025-08-20 08:42:45,Kolkata,28.97,Rain,light rain
2025-08-20 13:03:49,Mumbai,25.99,Drizzle,drizzle
2025-08-20 13:03:49,Hyderabad,26.23,Haze,haze
2025-08-20 13:03:49,Delhi,33.05,Haze,haze
2025-08-20 13:03:49,Chennai,33.27,Clouds,scattered clouds
2025-08-20 13:03:49,Kolkata,26.97,Clouds,broken clouds
2025-08-20 16:43:44,Mumbai,25.99,Rain,moderate rain
2025-08-20 16:43:44,Hyderabad,24.23,Haze,haze
2025-08-20 16:43:44,Delhi,30.05,Haze,haze
2025-08-20 16:43:44,Chennai,30.47,Mist,mist
2025-08-20 16:43:44,Kolkata,26.97,Haze,haze
2025-08-21 02:14:35,Mumbai,26.99,Mist,mist
2025-08-21 02:14:35,Hyderabad,24.23,Mist,mist
2025-08-21 02:14:35,Delhi,28.05,Mist,mist
2025-08-21 02:14:35,Chennai,30.27,Clouds,broken clouds
2025-08-21 02:14:35,Kolkata,26.97,Haze,haze
2025-08-21 04:41:36,Mumbai,28.99,Mist,mist
2025-08-21 04:41:36,Hyderabad,26.23,Haze,haze
2025-08-21 04:41:36,Delhi,31.05,Haze,haze
2025-08-21 04:41:36,Chennai,33.3,Clouds,few clouds
2025-08-21 04:41:37,Kolkata,26.97,Haze,haze
2025-08-21 08:43:38,Mumbai,27.99,Clouds,overcast clouds
2025-08-21 08:43:38,Hyderabad,29.23,Haze,haze
2025-08-21 08:43:38,Delhi,34.05,Haze,haze
2025-08-21 08:43:38,Chennai,35.17,Clouds,few clouds
2025-08-21 08:43:38,Kolkata,27.97,Clouds,overcast clouds
2025-08-21 13:02:48,Mumbai,26.99,Clouds,broken clouds
2025-08-21 13:02:48,Hyderabad,28.23,Haze,haze
2025-08-21 13:02:48,Delhi,32.05,Haze,haze
2025-08-21 13:02:48,Chennai,30.72,Clouds,scattered clouds
2025-08-21 13:02:48,Kolkata,24.97,Clouds,overcast clouds
2025-08-21 16:43:49,Mumbai,27.99,Mist,mist
2025-08-21 16:43:49,Hyderabad,26.23,Clouds,scattered clouds
2025-08-21 16:43:49,Delhi,30.05,Mist,mist
2025-08-21 16:43:49,Chennai,30.3,Clouds,scattered clouds
2025-08-21 16:43:49,Kolkata,25.97,Clouds,overcast clouds
2025-08-22 02:15:38,Mumbai,26.99,Clouds,overcast clouds
2025-08-22 02:15:38,Hyderabad,24.23,Mist,mist
2025-08-22 02:15:38,Delhi,29.05,Mist,mist
2025-08-22 02:15:39,Chennai,26.65,Drizzle,drizzle
2025-08-22 02:15:39,Kolkata,25.97,Rain,light rain
2025-08-22 04:40:48,Mumbai,25.99,Mist,mist
2025-08-22 04:40:48,Hyderabad,26.23,Haze,haze
2025-08-22 04:40:48,Delhi,31.05,Haze,haze
2025-08-22 04:40:48,Chennai,31.05,Mist,mist
2025-08-22 04:40:48,Kolkata,27.97,Rain,moderate rain
2025-08-22 08:43:06,Mumbai,27.99,Mist,mist
2025-08-22 08:43:06,Hyderabad,29.23,Clouds,broken clouds
2025-08-22 08:43:06,Delhi,31.05,Thunderstorm,thunderstorm
2025-08-22 08:43:06,Chennai,33.43,Haze,haze
2025-08-22 08:43:06,Kolkata,27.97,Haze,haze
2025-08-22 13:01:24,Mumbai,27.99,Haze,haze
2025-08-22 13:01:24,Hyderabad,28.23,Clouds,broken clouds
2025-08-22 13:01:24,Delhi,31.05,Haze,haze
2025-08-22 13:01:24,Chennai,28.35,Clouds,overcast clouds
2025-08-22 13:01:24,Kolkata,26.97,Rain,light rain
2025-08-22 16:43:13,Mumbai,26.99,Haze,haze
2025-08-22 16:43:13,Hyderabad,26.23,Clouds,scattered clouds
2025-08-22 16:43:13,Delhi,29.05,Mist,mist
2025-08-22 16:43:13,Chennai,26.56,Drizzle,light intensity drizzle
2025-08-22 16:43:13,Kolkata,26.97,Haze,haze
2025-08-23 02:10:32,Mumbai,26.99,Mist,mist
2025-08-23 02:10:32,Hyderabad,23.23,Mist,mist
2025-08-23 02:10:33,Delhi,28.05,Mist,mist
2025-08-23 02:10:33,Chennai,23.99,Clouds,broken clouds
2025-08-23 02:10:33,Kolkata,26.97,Haze,haze
2025-08-23 04:39:37,Mumbai,27.99,Haze,haze
2025-08-23 04:39:37,Hyderabad,26.23,Haze,haze
2025-08-23 04:39:37,Delhi,31.05,Haze,haze
2025-08-23 04:39:37,Chennai,25.99,Mist,mist
2025-08-23 04:39:37,Kolkata,27.97,Haze,haze
2025-08-23 08:40:19,Mumbai,29.99,Haze,haze
2025-08-23 08:40:19,Hyderabad,28.23,Clouds,scattered clouds
2025-08-23 08:40:19,Delhi,32.05,Haze,haze
2025-08-23 08:40:19,Chennai,31.43,Clouds,broken clouds
2025-08-23 08:40:19,Kolkata,25.97,Rain,moderate rain
2025-08-23 12:57:27,Mumbai,27.99,Mist,mist
2025-08-23 12:57:27,Hyderabad,28.23,Haze,haze
2025-08-23 12:57:27,Delhi,27.05,Thunderstorm,thunderstorm with light rain
2025-08-23 12:57:27,Chennai,29.29,Clouds,overcast clouds
2025-08-23 12:57:27,Kolkata,26.97,Haze,haze
2025-08-23 16:39:16,Mumbai,27.99,Mist,mist
2025-08-23 16:39:16,Hyderabad,26.23,Haze,haze
2025-08-23 16:39:16,Delhi,26.05,Mist,mist
2025-08-23 16:39:16,Chennai,28.3,Mist,mist
2025-08-23 16:39:16,Kolkata,26.97,Haze,haze
2025-08-24 02:26:13,Mumbai,26.99,Mist,mist
2025-08-24 02:26:13,Hyderabad,23.23,Mist,mist
2025-08-24 02:26:13,Delhi,27.05,Mist,mist
2025-08-24 02:26:13,Chennai,28.72,Mist,mist
2025-08-24 02:26:13,Kolkata,26.97,Haze,haze
2025-08-24 04:43:28,Mumbai,28.99,Haze,haze
2025-08-24 04:43:28,Hyderabad,25.23,Clouds,broken clouds
2025-08-24 04:43:28,Delhi,31.05,Haze,haze
2025-08-24 04:43:29,Chennai,31.71,Clouds,scattered clouds
2025-08-24 04:43:29,Kolkata,26.97,Haze,haze
2025-08-24 08:39:30,Mumbai,28.99,Haze,haze
2025-08-24 08:39:30,Hyderabad,29.23,Clouds,broken clouds
2025-08-24 08:39:31,Delhi,32.05,Haze,haze
2025-08-24 08:39:31,Chennai,34.36,Clouds,scattered clouds
2025-08-24 08:39:31,Kolkata,26.97,Clouds,overcast clouds
2025-08-24 12:58:04,Mumbai,27.99,Mist,mist
2025-08-24 12:58:04,Hyderabad,28.23,Clouds,broken clouds
2025-08-24 12:58:04,Delhi,28.05,Mist,mist
2025-08-24 12:58:04,Chennai,30.98,Clouds,few clouds
2025-08-24 12:58:04,Kolkata,27.97,Haze,haze
2025-08-24 16:40:44,Mumbai,27.99,Mist,mist
2025-08-24 16:40:44,Hyderabad,26.23,Clouds,scattered clouds
2025-08-24 16:40:45,Delhi,27.05,Mist,mist
2025-08-24 16:40:45,Chennai,30.08,Mist,mist
2025-08-24 16:40:45,Kolkata,26.97,Haze,haze
2025-08-25 02:20:04,Mumbai,23.99,Clouds,broken clouds
2025-08-25 02:20:04,Hyderabad,22.23,Haze,haze
2025-08-25 02:20:05,Delhi,27.05,Mist,mist
2025-08-25 02:20:05,Chennai,29.71,Mist,mist
2025-08-25 02:20:05,Kolkata,27.97,Haze,haze
2025-08-25 04:45:18,Mumbai,25.99,Drizzle,drizzle
2025-08-25 04:45:18,Hyderabad,26.23,Clouds,scattered clouds
2025-08-25 04:45:18,Delhi,27.05,Mist,mist
2025-08-25 04:45:18,Chennai,31.96,Clouds,scattered clouds
2025-08-25 04:45:18,Kolkata,29.97,Haze,haze
2025-08-25 08:46:09,Mumbai,26.99,Drizzle,drizzle
2025-08-25 08:46:09,Hyderabad,29.23,Clouds,scattered clouds
2025-08-25 08:46:09,Delhi,29.05,Mist,mist
2025-08-25 08:46:09,Chennai,33.83,Clouds,scattered clouds
2025-08-25 08:46:09,Kolkata,30.97,Haze,haze
2025-08-25 13:04:11,Mumbai,26.99,Mist,mist
2025-08-25 13:04:11,Hyderabad,28.23,Clouds,scattered clouds
2025-08-25 13:04:11,Delhi,28.05,Clouds,overcast clouds
2025-08-25 13:04:11,Chennai,30.8,Clouds,scattered clouds
2025-08-25 13:04:11,Kolkata,28.97,Haze,haze
2025-08-25 16:44:44,Mumbai,26.99,Mist,mist
2025-08-25 16:44:44,Hyderabad,27.23,Clouds,broken clouds
2025-08-25 16:44:44,Delhi,27.05,Mist,mist
2025-08-25 16:44:44,Chennai,29.47,Clouds,few clouds
2025-08-25 16:44:44,Kolkata,27.97,Haze,haze
2025-08-26 02:15:59,Mumbai,26.99,Mist,mist
2025-08-26 02:15:59,Hyderabad,24.23,Mist,mist
2025-08-26 02:15:59,Delhi,27.05,Mist,mist
2025-08-26 02:16:00,Chennai,28.61,Mist,mist
2025-08-26 02:16:00,Kolkata,27.97,Haze,haze
2025-08-26 04:41:28,Mumbai,27.99,Mist,mist
2025-08-26 04:41:28,Hyderabad,25.23,Haze,haze
2025-08-26 04:41:28,Delhi,28.05,Mist,mist
2025-08-26 04:41:28,Chennai,31.69,Clouds,scattered clouds
2025-08-26 04:41:28,Kolkata,30.97,Haze,haze
2025-08-26 08:45:08,Mumbai,25.99,Clouds,broken clouds
2025-08-26 08:45:08,Hyderabad,24.23,Haze,haze
2025-08-26 08:45:08,Delhi,30.05,Mist,mist
2025-08-26 08:45:08,Chennai,35.52,Clouds,scattered clouds
2025-08-26 08:45:08,Kolkata,32.97,Haze,haze
2025-08-26 13:04:57,Mumbai,27.99,Mist,mist
2025-08-26 13:04:57,Hyderabad,24.23,Clouds,broken clouds
2025-08-26 13:04:57,Delhi,27.05,Mist,mist
2025-08-26 13:04:57,Chennai,33.14,Clouds,scattered clouds
2025-08-26 13:04:57,Kolkata,28.97,Haze,haze
2025-08-26 16:43:01,Mumbai,26.99,Mist,mist
2025-08-26 16:43:01,Hyderabad,23.23,Drizzle,light intensity drizzle
2025-08-26 16:43:01,Delhi,27.05,Mist,mist
2025-08-26 16:43:01,Chennai,30.24,Clouds,scattered clouds
2025-08-26 16:43:02,Kolkata,27.97,Haze,haze
2025-08-27 02:11:26,Mumbai,26.99,Mist,mist
2025-08-27 02:11:26,Hyderabad,23.23,Rain,light rain
2025-08-27 02:11:26,Delhi,27.05,Mist,mist
2025-08-27 02:11:26,Chennai,29.07,Mist,mist
2025-08-27 02:11:26,Kolkata,27.97,Haze,haze
2025-08-27 04:39:53,Mumbai,27.99,Mist,mist
2025-08-27 04:39:53,Hyderabad,23.23,Clouds,overcast clouds
2025-08-27 04:39:53,Delhi,29.05,Mist,mist
2025-08-27 04:39:53,Chennai,30.28,Haze,haze
2025-08-27 04:39:53,Kolkata,29.97,Haze,haze
2025-08-27 08:42:34,Mumbai,28.99,Haze,haze
2025-08-27 08:42:34,Hyderabad,23.23,Clouds,overcast clouds
2025-08-27 08:42:34,Delhi,29.05,Mist,mist
2025-08-27 08:42:34,Chennai,32.79,Clouds,broken clouds
2025-08-27 08:42:34,Kolkata,29.97,Haze,haze
2025-08-27 13:01:09,Mumbai,28.99,Haze,haze
2025-08-27 13:01:09,Hyderabad,24.23,Mist,mist
2025-08-27 13:01:09,Delhi,29.05,Mist,mist
2025-08-27 13:01:09,Chennai,31.99,Haze,haze
2025-08-27 13:01:09,Kolkata,29.97,Haze,haze
2025-08-27 16:42:58,Mumbai,26.99,Mist,mist
2025-08-27 16:42:58,Hyderabad,24.23,Mist,mist
2025-08-27 16:42:58,Delhi,28.05,Mist,mist
2025-08-27 16:42:58,Chennai,29.64,Thunderstorm,thunderstorm
2025-08-27 16:42:58,Kolkata,27.97,Haze,haze
2025-08-28 02:10:43,Mumbai,26.99,Clouds,broken clouds
2025-08-28 02:10:44,Hyderabad,23.23,Rain,light rain
2025-08-28 02:10:44,Delhi,28.05,Mist,mist
2025-08-28 02:10:44,Chennai,28.61,Mist,mist
2025-08-28 02:10:44,Kolkata,28.97,Haze,haze
2025-08-28 04:39:58,Mumbai,26.99,Mist,mist
2025-08-28 04:39:58,Hyderabad,25.23,Drizzle,light intensity drizzle
2025-08-28 04:39:59,Delhi,30.05,Mist,mist
2025-08-28 04:39:59,Chennai,30.49,Clouds,broken clouds
2025-08-28 04:39:59,Kolkata,30.97,Haze,haze
2025-08-28 08:43:00,Mumbai,27.99,Clouds,broken clouds
2025-08-28 08:43:00,Hyderabad,25.23,Drizzle,light intensity drizzle
2025-08-28 08:43:00,Delhi,34.05,Haze,haze
2025-08-28 08:43:00,Chennai,33.88,Clouds,scattered clouds
2025-08-28 08:43:00,Kolkata,30.97,Haze,haze
2025-08-28 13:01:25,Mumbai,26.99,Clouds,broken clouds
2025-08-28 13:01:26,Hyderabad,25.23,Mist,mist
2025-08-28 13:01:26,Delhi,31.05,Mist,mist
2025-08-28 13:01:26,Chennai,30.77,Clouds,broken clouds
2025-08-28 13:01:26,Kolkata,29.97,Haze,haze
2025-08-28 16:42:38,Mumbai,25.99,Clouds,broken clouds
2025-08-28 16:42:38,Hyderabad,24.23,Mist,mist
2025-08-28 16:42:39,Delhi,29.05,Mist,mist
2025-08-28 16:42:39,Chennai,30.24,Mist,mist
2025-08-28 16:42:39,Kolkata,27.97,Haze,haze
2025-08-29 02:10:51,Mumbai,25.99,Clouds,broken clouds
2025-08-29 02:10:51,Hyderabad,24.23,Mist,mist
2025-08-29 02:10:51,Delhi,28.05,Mist,mist
2025-08-29 02:10:51,Chennai,28.94,Mist,mist
2025-08-29 02:10:51,Kolkata,28.97,Haze,haze
2025-08-29 04:40:24,Mumbai,27.99,Mist,mist
2025-08-29 04:40:24,Hyderabad,25.23,Haze,haze
2025-08-29 04:40:24,Delhi,29.05,Mist,mist
2025-08-29 04:40:24,Chennai,32.2,Clouds,scattered clouds
2025-08-29 04:40:24,Kolkata,30.97,Haze,haze
2025-08-29 08:42:09,Mumbai,26.99,Clouds,overcast clouds
2025-08-29 08:42:10,Hyderabad,28.73,Haze,haze
2025-08-29 08:42:10,Delhi,30.05,Mist,mist
2025-08-29 08:42:10,Chennai,35.24,Clouds,scattered clouds
2025-08-29 08:42:10,Kolkata,27.97,Clouds,overcast clouds
2025-08-29 12:59:41,Mumbai,24.99,Mist,mist
2025-08-29 12:59:41,Hyderabad,27.23,Haze,haze
2025-08-29 12:59:41,Delhi,29.05,Mist,mist
2025-08-29 12:59:41,Chennai,31.4,Clouds,scattered clouds
2025-08-29 12:59:41,Kolkata,26.97,Haze,haze
2025-08-29 16:42:56,Mumbai,25.99,Clouds,broken clouds
2025-08-29 16:42:56,Hyderabad,24.23,Mist,mist
2025-08-29 16:42:56,Delhi,28.05,Mist,mist
2025-08-29 16:42:56,Chennai,30.24,Clouds,scattered clouds
2025-08-29 16:42:57,Kolkata,26.97,Haze,haze
2025-08-30 01:59:48,Mumbai,24.99,Mist,mist
2025-08-30 01:59:49,Hyderabad,23.23,Mist,mist
2025-08-30 01:59:49,Delhi,27.05,Mist,mist
2025-08-30 01:59:49,Chennai,30.25,Clouds,scattered clouds
2025-08-30 01:59:49,Kolkata,28.97,Haze,haze
2025-08-30 04:38:17,Mumbai,25.99,Clouds,overcast clouds
2025-08-30 04:38:17,Hyderabad,24.73,Haze,haze
2025-08-30 04:38:17,Delhi,30.05,Mist,mist
2025-08-30 04:38:17,Chennai,32.71,Clouds,scattered clouds
2025-08-30 04:38:17,Kolkata,28.97,Clouds,broken clouds
2025-08-30 08:38:55,Mumbai,29.99,Haze,haze
2025-08-30 08:38:55,Hyderabad,29.23,Clouds,scattered clouds
2025-08-30 08:38:55,Delhi,34.05,Haze,haze
2025-08-30 08:38:56,Chennai,35.35,Clouds,scattered clouds
2025-08-30 08:38:56,Kolkata,31.97,Haze,haze
2025-08-30 12:55:05,Mumbai,26.99,Clouds,broken clouds
2025-08-30 12:55:05,Hyderabad,27.73,Clouds,scattered clouds
2025-08-30 12:55:05,Delhi,31.05,Haze,haze
2025-08-30 12:55:05,Chennai,31.19,Haze,haze
2025-08-30 12:55:05,Kolkata,28.97,Haze,haze
2025-08-30 16:39:20,Mumbai,25.99,Mist,mist
2025-08-30 16:39:20,Hyderabad,24.73,Mist,mist
2025-08-30 16:39:20,Delhi,29.05,Mist,mist
2025-08-30 16:39:20,Chennai,30.31,Mist,mist
2025-08-30 16:39:20,Kolkata,26.97,Haze,haze
2025-08-31 02:16:18,Mumbai,26.99,Mist,mist
2025-08-31 02:16:18,Hyderabad,23.73,Haze,haze
2025-08-31 02:16:18,Delhi,27.05,Mist,mist
2025-08-31 02:16:18,Chennai,26.47,Mist,mist
2025-08-31 02:16:18,Kolkata,28.97,Haze,haze
2025-08-31 04:38:48,Mumbai,27.99,Mist,mist
2025-08-31 04:38:48,Hyderabad,25.23,Haze,haze
2025-08-31 04:38:48,Delhi,27.05,Mist,mist
2025-08-31 04:38:48,Chennai,28.99,Mist,mist
2025-08-31 04:38:48,Kolkata,31.97,Haze,haze
2025-08-31 08:38:35,Mumbai,28.99,Mist,mist
2025-08-31 08:38:35,Hyderabad,27.73,Haze,haze
2025-08-31 08:38:35,Delhi,28.05,Mist,mist
2025-08-31 08:38:35,Chennai,32.42,Clouds,broken clouds
2025-08-31 08:38:35,Kolkata,31.97,Haze,haze
2025-08-31 12:56:13,Mumbai,26.99,Mist,mist
2025-08-31 12:56:13,Hyderabad,25.23,Mist,mist
2025-08-31 12:56:13,Delhi,28.05,Mist,mist
2025-08-31 12:56:13,Chennai,30.06,Clouds,overcast clouds
2025-08-31 12:56:14,Kolkata,30.97,Haze,haze
2025-08-31 16:39:59,Mumbai,26.99,Mist,mist
2025-08-31 16:39:59,Hyderabad,25.23,Mist,mist
2025-08-31 16:39:59,Delhi,27.05,Drizzle,light intensity drizzle
2025-08-31 16:40:00,Chennai,29.55,Mist,mist
2025-08-31 16:40:00,Kolkata,29.97,Haze,haze
2025-09-01 02:28:43,Mumbai,26.99,Mist,mist
2025-09-01 02:28:43,Hyderabad,23.23,Drizzle,light intensity drizzle
2025-09-01 02:28:43,Delhi,25.05,Mist,mist
2025-09-01 02:28:43,Chennai,27.42,Mist,mist
2025-09-01 02:28:44,Kolkata,29.97,Haze,haze
2025-09-01 04:44:44,Mumbai,27.99,Mist,mist
2025-09-01 04:44:45,Hyderabad,25.23,Mist,mist
2025-09-01 04:44:45,Delhi,26.05,Drizzle,light intensity drizzle
2025-09-01 04:44:45,Chennai,29.98,Clouds,broken clouds
2025-09-01 04:44:45,Kolkata,31.97,Haze,haze
2025-09-01 08:44:45,Mumbai,27.99,Mist,mist
2025-09-01 08:44:45,Hyderabad,27.23,Haze,haze
2025-09-01 08:44:45,Delhi,31.05,Mist,mist
2025-09-01 08:44:46,Chennai,33.05,Clouds,broken clouds
2025-09-01 08:44:46,Kolkata,33.97,Haze,haze
2025-09-01 13:02:19,Mumbai,26.99,Clouds,overcast clouds
2025-09-01 13:02:19,Hyderabad,26.73,Mist,mist
2025-09-01 13:02:19,Delhi,25.05,Rain,moderate rain
2025-09-01 13:02:19,Chennai,31.39,Clouds,broken clouds
2025-09-01 13:02:19,Kolkata,31.97,Haze,haze
2025-09-01 16:41:17,Mumbai,26.99,Mist,mist
2025-09-01 16:41:17,Hyderabad,24.73,Mist,mist
2025-09-01 16:41:17,Delhi,25.05,Drizzle,drizzle
2025-09-01 16:41:17,Chennai,30.46,Mist,mist
2025-09-01 16:41:17,Kolkata,30.97,Haze,haze
2025-09-02 02:13:23,Mumbai,26.99,Clouds,overcast clouds
2025-09-02 02:13:23,Hyderabad,23.23,Mist,mist
2025-09-02 02:13:23,Delhi,24.03,Clouds,overcast clouds
2025-09-02 02:13:23,Chennai,28.11,Mist,mist
2025-09-02 02:13:24,Kolkata,26.97,Haze,haze
2025-09-02 04:40:54,Mumbai,26.99,Clouds,broken clouds
2025-09-02 04:40:55,Hyderabad,25.73,Clouds,broken clouds
2025-09-02 04:40:55,Delhi,28.05,Mist,mist
2025-09-02 04:40:55,Chennai,29.67,Clouds,broken clouds
2025-09-02 04:40:55,Kolkata,27.97,Haze,haze
2025-09-02 08:43:36,Mumbai,28.99,Mist,mist
2025-09-02 08:43:36,Hyderabad,27.73,Drizzle,light intensity drizzle
2025-09-02 08:43:36,Delhi,27.05,Rain,light rain
2025-09-02 08:43:36,Chennai,32.57,Clouds,scattered clouds
2025-09-02 08:43:36,Kolkata,28.97,Clouds,broken clouds
2025-09-02 13:02:20,Mumbai,27.99,Haze,haze
2025-09-02 13:02:20,Hyderabad,23.73,Clouds,overcast clouds
2025-09-02 13:02:20,Delhi,26.05,Drizzle,light intensity drizzle
2025-09-02 13:02:21,Chennai,32.71,Haze,haze
2025-09-02 13:02:21,Kolkata,27.97,Haze,haze
2025-09-02 16:43:19,Mumbai,27.99,Mist,mist
2025-09-02 16:43:19,Hyderabad,24.23,Drizzle,light intensity drizzle
2025-09-02 16:43:19,Delhi,26.05,Mist,mist
2025-09-02 16:43:20,Chennai,29.14,Mist,mist
2025-09-02 16:43:20,Kolkata,27.97,Haze,haze
2025-09-03 01:59:22,Mumbai,26.99,Mist,mist
2025-09-03 01:59:22,Hyderabad,24.23,Mist,mist
2025-09-03 01:59:22,Delhi,26.05,Mist,mist
2025-09-03 01:59:22,Chennai,28.14,Mist,mist
2025-09-03 01:59:22,Kolkata,27.97,Haze,haze
2025-09-03 04:38:59,Mumbai,27.99,Haze,haze
2025-09-03 04:38:59,Hyderabad,27.23,Haze,haze
2025-09-03 04:38:59,Delhi,29.05,Mist,mist
2025-09-03 04:38:59,Chennai,32.12,Clouds,broken clouds
2025-09-03 04:39:00,Kolkata,29.97,Clouds,broken clouds
2025-09-03 08:41:43,Mumbai,29.99,Haze,haze
2025-09-03 08:41:43,Hyderabad,30.23,Drizzle,light intensity drizzle
2025-09-03 08:41:43,Delhi,28.05,Drizzle,light intensity drizzle
2025-09-03 08:41:43,Chennai,33.27,Clouds,scattered clouds
2025-09-03 08:41:44,Kolkata,27.97,Rain,light rain
2025-09-03 12:59:38,Mumbai,27.99,Haze,haze
2025-09-03 12:59:38,Hyderabad,27.23,Haze,haze
2025-09-03 12:59:38,Delhi,25.05,Drizzle,drizzle
2025-09-03 12:59:38,Chennai,30.55,Mist,mist
2025-09-03 12:59:39,Kolkata,26.97,Clouds,broken clouds
2025-09-03 16:42:24,Mumbai,27.99,Mist,mist
2025-09-03 16:42:24,Hyderabad,25.23,Haze,haze
2025-09-03 16:42:24,Delhi,25.05,Mist,mist
2025-09-03 16:42:25,Chennai,30.13,Mist,mist
2025-09-03 16:42:25,Kolkata,26.97,Haze,haze
2025-09-04 01:59:46,Mumbai,26.99,Mist,mist
2025-09-04 01:59:46,Hyderabad,23.23,Mist,mist
2025-09-04 01:59:46,Delhi,26.05,Drizzle,drizzle
2025-09-04 01:59:46,Chennai,28.11,Mist,mist
2025-09-04 01:59:46,Kolkata,27.97,Haze,haze
2025-09-04 04:38:47,Mumbai,25.99,Mist,mist
2025-09-04 04:38:48,Hyderabad,27.23,Clouds,scattered clouds
2025-09-04 04:38:48,Delhi,29.05,Haze,haze
2025-09-04 04:38:48,Chennai,31.39,Clouds,scattered clouds
2025-09-04 04:38:48,Kolkata,30.97,Haze,haze
2025-09-04 08:41:43,Mumbai,26.99,Drizzle,light intensity drizzle
2025-09-04 08:41:43,Hyderabad,29.23,Clouds,scattered clouds
2025-09-04 08:41:43,Delhi,34.05,Haze,haze
2025-09-04 08:41:43,Chennai,34.17,Clouds,scattered clouds
2025-09-04 08:41:43,Kolkata,30.97,Haze,haze
2025-09-04 12:57:57,Mumbai,26.99,Mist,mist
2025-09-04 12:57:57,Hyderabad,28.23,Clouds,scattered clouds
2025-09-04 12:57:57,Delhi,31.05,Haze,haze
2025-09-04 12:57:57,Chennai,33.04,Clouds,scattered clouds
2025-09-04 12:57:57,Kolkata,28.97,Haze,haze
2025-09-04 16:42:24,Mumbai,25.99,Clouds,broken clouds
2025-09-04 16:42:24,Hyderabad,26.23,Clouds,scattered clouds
2025-09-04 16:42:24,Delhi,27.05,Mist,mist
2025-09-04 16:42:25,Chennai,30.6,Clouds,scattered clouds
2025-09-04 16:42:25,Kolkata,27.97,Haze,haze
2025-09-05 02:07:58,Mumbai,26.99,Clouds,broken clouds
2025-09-05 02:07:58,Hyderabad,24.23,Haze,haze
2025-09-05 02:07:58,Delhi,27.05,Mist,mist
2025-09-05 02:07:58,Chennai,28.08,Mist,mist
2025-09-05 02:07:58,Kolkata,27.97,Haze,haze
2025-09-05 04:39:49,Mumbai,27.99,Clouds,overcast clouds
2025-09-05 04:39:49,Hyderabad,27.23,Haze,haze
2025-09-05 04:39:49,Delhi,29.05,Mist,mist
2025-09-05 04:39:49,Chennai,30.56,Clouds,broken clouds
2025-09-05 04:39:49,Kolkata,30.97,Haze,haze
2025-09-05 08:41:53,Mumbai,26.99,Drizzle,drizzle
2025-09-05 08:41:53,Hyderabad,30.23,Clouds,scattered clouds
2025-09-05 08:41:53,Delhi,32.05,Haze,haze
2025-09-05 08:41:53,Chennai,34.38,Clouds,scattered clouds
2025-09-05 08:41:54,Kolkata,31.97,Haze,haze
2025-09-05 12:58:56,Mumbai,27.99,Mist,mist
2025-09-05 12:58:56,Hyderabad,28.23,Clouds,scattered clouds
2025-09-05 12:58:56,Delhi,29.05,Mist,mist
2025-09-05 12:58:56,Chennai,30.95,Clear,clear sky
2025-09-05 12:58:56,Kolkata,29.97,Haze,haze
2025-09-05 16:39:27,Mumbai,26.99,Mist,mist
2025-09-05 16:39:27,Hyderabad,27.23,Haze,haze
2025-09-05 16:39:27,Delhi,27.05,Mist,mist
2025-09-05 16:39:27,Chennai,30.26,Drizzle,light intensity drizzle
2025-09-05 16:39:28,Kolkata,28.97,Haze,haze
2025-09-06 01:59:27,Mumbai,24.99,Clouds,overcast clouds
2025-09-06 01:59:27,Hyderabad,23.23,Haze,haze
2025-09-06 01:59:27,Delhi,27.05,Mist,mist
2025-09-06 01:59:27,Chennai,27.8,Mist,mist
2025-09-06 01:59:27,Kolkata,28.97,Haze,haze
2025-09-06 04:38:14,Mumbai,24.99,Clouds,overcast clouds
2025-09-06 04:38:14,Hyderabad,26.23,Haze,haze
2025-09-06 04:38:14,Delhi,30.05,Mist,mist
2025-09-06 04:38:14,Chennai,31.74,Clouds,few clouds
2025-09-06 04:38:15,Kolkata,31.97,Haze,haze
2025-09-06 08:37:14,Mumbai,25.99,Mist,mist
2025-09-06 08:37:14,Hyderabad,30.23,Clouds,scattered clouds
2025-09-06 08:37:14,Delhi,33.05,Haze,haze
2025-09-06 08:37:14,Chennai,34.19,Clouds,scattered clouds
2025-09-06 08:37:14,Kolkata,33.97,Clouds,scattered clouds
2025-09-06 12:53:09,Mumbai,24.99,Clouds,overcast clouds
2025-09-06 12:53:10,Hyderabad,28.23,Haze,haze
2025-09-06 12:53:10,Delhi,32.05,Haze,haze
2025-09-06 12:53:10,Chennai,31.5,Clouds,few clouds
2025-09-06 12:53:10,Kolkata,31.97,Haze,haze
2025-09-06 16:37:49,Mumbai,25.99,Mist,mist
2025-09-06 16:37:49,Hyderabad,27.23,Haze,haze
2025-09-06 16:37:49,Delhi,29.05,Mist,mist
2025-09-06 16:37:49,Chennai,30.7,Mist,mist
2025-09-06 16:37:50,Kolkata,28.97,Haze,haze
2025-09-07 02:13:40,Mumbai,26.99,Mist,mist
2025-09-07 02:13:40,Hyderabad,25.23,Haze,haze
2025-09-07 02:13:40,Delhi,27.05,Mist,mist
2025-09-07 02:13:40,Chennai,27.83,Mist,mist
2025-09-07 02:13:40,Kolkata,28.97,Haze,haze
2025-09-07 04:37:41,Mumbai,26.99,Mist,mist
2025-09-07 04:37:41,Hyderabad,28.23,Clouds,scattered clouds
2025-09-07 04:37:41,Delhi,30.05,Mist,mist
2025-09-07 04:37:41,Chennai,31.04,Mist,mist
2025-09-07 04:37:41,Kolkata,31.97,Haze,haze
2025-09-07 08:37:03,Mumbai,27.99,Mist,mist
2025-09-07 08:37:03,Hyderabad,30.23,Haze,haze
2025-09-07 08:37:03,Delhi,33.05,Haze,haze
2025-09-07 08:37:03,Chennai,34.18,Clouds,scattered clouds
2025-09-07 08:37:03,Kolkata,33.97,Haze,haze
2025-09-07 12:54:09,Mumbai,26.99,Mist,mist
2025-09-07 12:54:09,Hyderabad,29.23,Haze,haze
2025-09-07 12:54:09,Delhi,29.05,Haze,haze
2025-09-07 12:54:09,Chennai,31.64,Clouds,few clouds
2025-09-07 12:54:10,Kolkata,30.97,Haze,haze
2025-09-07 16:37:57,Mumbai,26.99,Mist,mist
2025-09-07 16:37:58,Hyderabad,26.23,Clouds,scattered clouds
2025-09-07 16:37:58,Delhi,28.05,Mist,mist
2025-09-07 16:37:58,Chennai,30.56,Mist,mist
2025-09-07 16:37:58,Kolkata,28.97,Haze,haze
2025-09-08 02:14:01,Mumbai,25.99,Mist,mist
2025-09-08 02:14:01,Hyderabad,25.23,Haze,haze
2025-09-08 02:14:02,Delhi,27.05,Mist,mist
2025-09-08 02:14:02,Chennai,28.81,Clouds,scattered clouds
2025-09-08 02:14:02,Kolkata,29.97,Haze,haze
2025-09-08 04:40:47,Mumbai,26.99,Mist,mist
2025-09-08 04:40:47,Hyderabad,28.23,Clouds,few clouds
2025-09-08 04:40:47,Delhi,30.05,Haze,haze
2025-09-08 04:40:47,Chennai,32.36,Clouds,scattered clouds
2025-09-08 04:40:47,Kolkata,32.97,Haze,haze
2025-09-08 08:44:10,Mumbai,28.99,Haze,haze
2025-09-08 08:44:10,Hyderabad,30.23,Clouds,scattered clouds
2025-09-08 08:44:10,Delhi,34.05,Haze,haze
2025-09-08 08:44:10,Chennai,33.01,Clouds,scattered clouds
2025-09-08 08:44:10,Kolkata,32.97,Haze,haze
2025-09-08 13:03:02,Mumbai,27.99,Haze,haze
2025-09-08 13:03:02,Hyderabad,30.23,Clouds,scattered clouds
2025-09-08 13:03:02,Delhi,32.05,Haze,haze
2025-09-08 13:03:02,Chennai,31.27,Clouds,few clouds
2025-09-08 13:03:02,Kolkata,31.97,Haze,haze
2025-09-08 16:43:11,Mumbai,26.99,Haze,haze
2025-09-08 16:43:11,Hyderabad,27.23,Clouds,scattered clouds
2025-09-08 16:43:11,Delhi,30.05,Haze,haze
2025-09-08 16:43:11,Chennai,30.32,Clouds,few clouds
2025-09-08 16:43:11,Kolkata,29.97,Haze,haze
2025-09-09 02:09:38,Mumbai,25.99,Mist,mist
2025-09-09 02:09:38,Hyderabad,25.23,Haze,haze
2025-09-09 02:09:38,Delhi,28.05,Mist,mist
2025-09-09 02:09:39,Chennai,29.23,Mist,mist
2025-09-09 02:09:39,Kolkata,28.97,Haze,haze
2025-09-09 04:40:14,Mumbai,27.99,Mist,mist
2025-09-09 04:40:14,Hyderabad,29.23,Clouds,few clouds
2025-09-09 04:40:14,Delhi,33.19,Clear,clear sky
2025-09-09 04:40:15,Chennai,32.42,Mist,mist
2025-09-09 04:40:15,Kolkata,32.97,Haze,haze
2025-09-09 08:43:20,Mumbai,30.99,Haze,haze
2025-09-09 08:43:20,Hyderabad,32.23,Clouds,scattered clouds
2025-09-09 08:43:20,Delhi,35.98,Clouds,scattered clouds
2025-09-09 08:43:20,Chennai,33.67,Clouds,scattered clouds
2025-09-09 08:43:20,Kolkata,33.97,Haze,haze
2025-09-09 13:03:42,Mumbai,28.99,Haze,haze
2025-09-09 13:03:43,Hyderabad,29.23,Clouds,scattered clouds
2025-09-09 13:03:43,Delhi,33.05,Haze,haze
2025-09-09 13:03:43,Chennai,31.21,Clouds,few clouds
2025-09-09 13:03:43,Kolkata,30.97,Haze,haze
2025-09-09 16:42:49,Mumbai,27.99,Haze,haze
2025-09-09 16:42:49,Hyderabad,27.23,Clouds,scattered clouds
2025-09-09 16:42:49,Delhi,29.05,Mist,mist
2025-09-09 16:42:49,Chennai,30.17,Clouds,few clouds
2025-09-09 16:42:49,Kolkata,29.97,Haze,haze
2025-09-10 02:00:03,Mumbai,25.99,Mist,mist
2025-09-10 02:00:03,Hyderabad,25.23,Haze,haze
2025-09-10 02:00:03,Delhi,27.05,Mist,mist
2025-09-10 02:00:03,Chennai,29.18,Mist,mist
2025-09-10 02:00:03,Kolkata,29.97,Haze,haze
2025-09-10 04:37:43,Mumbai,28.99,Haze,haze
2025-09-10 04:37:43,Hyderabad,29.23,Clouds,scattered clouds
2025-09-10 04:37:44,Delhi,30.05,Mist,mist
2025-09-10 04:37:44,Chennai,32.65,Clouds,scattered clouds
2025-09-10 04:37:44,Kolkata,32.97,Haze,haze
2025-09-10 08:42:28,Mumbai,27.99,Haze,haze
2025-09-10 08:42:28,Hyderabad,31.23,Clouds,scattered clouds
2025-09-10 08:42:28,Delhi,33.05,Haze,haze
2025-09-10 08:42:28,Chennai,35.9,Clouds,scattered clouds
2025-09-10 08:42:28,Kolkata,34.97,Haze,haze
2025-09-10 12:59:34,Mumbai,28.99,Haze,haze
2025-09-10 12:59:35,Hyderabad,24.73,Drizzle,light intensity drizzle
2025-09-10 12:59:35,Delhi,32.05,Haze,haze
2025-09-10 12:59:35,Chennai,29.9,Mist,mist
2025-09-10 12:59:35,Kolkata,31.97,Haze,haze
2025-09-10 16:42:40,Mumbai,27.99,Haze,haze
2025-09-10 16:42:40,Hyderabad,25.23,Mist,mist
2025-09-10 16:42:40,Delhi,29.05,Haze,haze
2025-09-10 16:42:40,Chennai,28.34,Mist,mist
2025-09-10 16:42:40,Kolkata,29.97,Haze,haze
2025-09-11 02:08:53,Mumbai,26.99,Haze,haze
2025-09-11 02:08:53,Hyderabad,24.23,Mist,mist
2025-09-11 02:08:53,Delhi,26.05,Mist,mist
2025-09-11 02:08:53,Chennai,27.45,Mist,mist
2025-09-11 02:08:53,Kolkata,30.97,Haze,haze
2025-09-11 04:39:08,Mumbai,27.99,Haze,haze
2025-09-11 04:39:08,Hyderabad,26.23,Haze,haze
2025-09-11 04:39:08,Delhi,30.05,Haze,haze
2025-09-11 04:39:08,Chennai,29.99,Clouds,scattered clouds
2025-09-11 04:39:09,Kolkata,32.97,Haze,haze
2025-09-11 08:41:40,Mumbai,29.99,Haze,haze
2025-09-11 08:41:40,Hyderabad,27.23,Haze,haze
2025-09-11 08:41:40,Delhi,32.05,Haze,haze
2025-09-11 08:41:40,Chennai,32.59,Clouds,scattered clouds
2025-09-11 08:41:40,Kolkata,32.97,Haze,haze
2025-09-11 12:58:53,Mumbai,28.99,Haze,haze
2025-09-11 12:58:53,Hyderabad,23.23,Rain,moderate rain
2025-09-11 12:58:53,Delhi,31.05,Haze,haze
2025-09-11 12:58:53,Chennai,31.81,Clouds,scattered clouds
2025-09-11 12:58:53,Kolkata,30.97,Haze,haze
2025-09-11 16:39:42,Mumbai,27.99,Haze,haze
2025-09-11 16:39:42,Hyderabad,23.23,Clouds,broken clouds
2025-09-11 16:39:42,Delhi,30.05,Haze,haze
2025-09-11 16:39:42,Chennai,29.94,Clouds,scattered clouds
2025-09-11 16:39:42,Kolkata,29.97,Haze,haze
2025-09-12 01:58:49,Mumbai,25.99,Haze,haze
2025-09-12 01:58:49,Hyderabad,23.23,Mist,mist
2025-09-12 01:58:49,Delhi,26.05,Mist,mist
2025-09-12 01:58:50,Chennai,28.44,Mist,mist
2025-09-12 01:58:50,Kolkata,27.97,Clouds,scattered clouds
2025-09-12 04:38:07,Mumbai,27.99,Clouds,broken clouds
2025-09-12 04:38:07,Hyderabad,25.23,Haze,haze
2025-09-12 04:38:07,Delhi,30.05,Haze,haze
2025-09-12 04:38:07,Chennai,32.05,Mist,mist
2025-09-12 04:38:07,Kolkata,30.97,Haze,haze
2025-09-12 08:41:14,Mumbai,28.99,Haze,haze
2025-09-12 08:41:14,Hyderabad,26.23,Haze,haze
2025-09-12 08:41:15,Delhi,33.05,Clouds,scattered clouds
2025-09-12 08:41:15,Chennai,34.42,Haze,haze
2025-09-12 08:41:15,Kolkata,31.97,Haze,haze
2025-09-12 12:57:44,Mumbai,26.99,Mist,mist
2025-09-12 12:57:44,Hyderabad,26.23,Mist,mist
2025-09-12 12:57:44,Delhi,32.05,Haze,haze
2025-09-12 12:57:44,Chennai,30.55,Mist,mist
2025-09-12 12:57:44,Kolkata,29.97,Haze,haze
2025-09-12 16:38:44,Mumbai,27.99,Mist,mist
2025-09-12 16:38:44,Hyderabad,25.23,Mist,mist
2025-09-12 16:38:45,Delhi,30.05,Haze,haze
2025-09-12 16:38:45,Chennai,29.59,Mist,mist
2025-09-12 16:38:45,Kolkata,28.97,Haze,haze
2025-09-13 01:54:45,Mumbai,25.99,Mist,mist
2025-09-13 01:54:45,Hyderabad,24.23,Mist,mist
2025-09-13 01:54:45,Delhi,26.05,Mist,mist
2025-09-13 01:54:45,Chennai,28.03,Mist,mist
2025-09-13 01:54:45,Kolkata,28.97,Haze,haze
2025-09-13 04:36:54,Mumbai,27.99,Mist,mist
2025-09-13 04:36:54,Hyderabad,25.23,Haze,haze
2025-09-13 04:36:54,Delhi,31.05,Haze,haze
2025-09-13 04:36:54,Chennai,25.99,Mist,mist
2025-09-13 04:36:54,Kolkata,31.97,Haze,haze
2025-09-13 08:37:28,Mumbai,26.99,Clouds,broken clouds
2025-09-13 08:37:28,Hyderabad,28.23,Haze,haze
2025-09-13 08:37:28,Delhi,34.05,Clouds,scattered clouds
2025-09-13 08:37:28,Chennai,30.26,Mist,mist
2025-09-13 08:37:29,Kolkata,32.97,Haze,haze
2025-09-13 12:53:42,Mumbai,26.99,Mist,mist
2025-09-13 12:53:42,Hyderabad,25.23,Thunderstorm,thunderstorm with light rain
2025-09-13 12:53:42,Delhi,32.05,Haze,haze
2025-09-13 12:53:42,Chennai,29.58,Mist,mist
2025-09-13 12:53:43,Kolkata,29.97,Haze,haze
2025-09-13 16:36:25,Mumbai,25.99,Clouds,overcast clouds
2025-09-13 16:36:25,Hyderabad,24.23,Mist,mist
2025-09-13 16:36:25,Delhi,31.05,Haze,haze
2025-09-13 16:36:26,Chennai,28.94,Mist,mist
2025-09-13 16:36:26,Kolkata,28.97,Haze,haze
2025-09-14 02:13:01,Mumbai,24.99,Mist,mist
2025-09-14 02:13:01,Hyderabad,24.23,Mist,mist
2025-09-14 02:13:02,Delhi,28.05,Mist,mist
2025-09-14 02:13:02,Chennai,27.16,Mist,mist
2025-09-14 02:13:02,Kolkata,28.97,Haze,haze
2025-09-14 04:37:25,Mumbai,26.99,Mist,mist
2025-09-14 04:37:25,Hyderabad,25.23,Haze,haze
2025-09-14 04:37:25,Delhi,31.05,Haze,haze
2025-09-14 04:37:25,Chennai,28.12,Mist,mist
2025-09-14 04:37:25,Kolkata,30.97,Haze,haze
2025-09-14 08:37:40,Mumbai,28.99,Mist,mist
2025-09-14 08:37:40,Hyderabad,31.23,Haze,haze
2025-09-14 08:37:40,Delhi,33.05,Haze,haze
2025-09-14 08:37:40,Chennai,33.59,Clouds,scattered clouds
2025-09-14 08:37:40,Kolkata,25.97,Thunderstorm,thunderstorm with light rain
2025-09-14 12:53:08,Mumbai,26.99,Mist,mist
2025-09-14 12:53:08,Hyderabad,26.23,Clouds,broken clouds
2025-09-14 12:53:08,Delhi,32.05,Haze,haze
2025-09-14 12:53:08,Chennai,30.32,Mist,mist
2025-09-14 12:53:08,Kolkata,27.97,Haze,haze
2025-09-14 16:36:19,Mumbai,26.99,Mist,mist
2025-09-14 16:36:19,Hyderabad,23.23,Clouds,overcast clouds
2025-09-14 16:36:19,Delhi,30.05,Haze,haze
2025-09-14 16:36:19,Chennai,29.56,Mist,mist
2025-09-14 16:36:19,Kolkata,26.97,Haze,haze
2025-09-15 02:15:16,Mumbai,23.99,Thunderstorm,thunderstorm with heavy rain
2025-09-15 02:15:16,Hyderabad,24.23,Haze,haze
2025-09-15 02:15:16,Delhi,27.05,Mist,mist
2025-09-15 02:15:16,Chennai,28.17,Mist,mist
2025-09-15 02:15:16,Kolkata,27.97,Haze,haze
2025-09-15 04:40:12,Mumbai,24.99,Thunderstorm,thunderstorm with light rain
2025-09-15 04:40:12,Hyderabad,26.23,Haze,haze
2025-09-15 04:40:12,Delhi,31.05,Haze,haze
2025-09-15 04:40:12,Chennai,31.98,Mist,mist
2025-09-15 04:40:12,Kolkata,26.97,Clouds,overcast clouds
2025-09-15 08:42:46,Mumbai,24.99,Clouds,overcast clouds
2025-09-15 08:42:47,Hyderabad,27.23,Haze,haze
2025-09-15 08:42:47,Delhi,34.05,Clouds,scattered clouds
2025-09-15 08:42:47,Chennai,35.29,Clouds,scattered clouds
2025-09-15 08:42:47,Kolkata,28.97,Haze,haze
2025-09-15 13:01:17,Mumbai,24.99,Mist,mist
2025-09-15 13:01:17,Hyderabad,26.23,Haze,haze
2025-09-15 13:01:17,Delhi,33.05,Clouds,few clouds
2025-09-15 13:01:17,Chennai,30.48,Mist,mist
2025-09-15 13:01:17,Kolkata,28.97,Haze,haze
2025-09-15 16:42:29,Mumbai,25.99,Mist,mist
2025-09-15 16:42:30,Hyderabad,26.23,Mist,mist
2025-09-15 16:42:30,Delhi,31.05,Haze,haze
2025-09-15 16:42:30,Chennai,30.13,Clouds,scattered clouds
2025-09-15 16:42:30,Kolkata,27.97,Haze,haze
2025-09-16 02:01:51,Mumbai,24.99,Mist,mist
2025-09-16 02:01:51,Hyderabad,23.23,Mist,mist
2025-09-16 02:01:51,Delhi,30.99,Clouds,scattered clouds
2025-09-16 02:01:51,Chennai,24.99,Mist,mist
2025-09-16 02:01:51,Kolkata,26.97,Haze,haze
2025-09-16 04:39:12,Mumbai,26.99,Mist,mist
2025-09-16 04:39:12,Hyderabad,25.23,Haze,haze
2025-09-16 04:39:12,Delhi,30.05,Haze,haze
2025-09-16 04:39:12,Chennai,26.99,Mist,mist
2025-09-16 04:39:12,Kolkata,28.97,Haze,haze
2025-09-16 08:42:59,Mumbai,26.99,Mist,mist
2025-09-16 08:42:59,Hyderabad,28.23,Haze,haze
2025-09-16 08:42:59,Delhi,35.05,Clouds,scattered clouds
2025-09-16 08:42:59,Chennai,32.69,Clouds,broken clouds
2025-09-16 08:42:59,Kolkata,26.97,Thunderstorm,thunderstorm with light rain
2025-09-16 13:01:00,Mumbai,25.99,Mist,mist
2025-09-16 13:01:00,Hyderabad,26.23,Haze,haze
2025-09-16 13:01:00,Delhi,33.05,Haze,haze
2025-09-16 13:01:01,Chennai,30.35,Clouds,scattered clouds
2025-09-16 13:01:01,Kolkata,27.97,Haze,haze
2025-09-16 16:42:14,Mumbai,25.99,Mist,mist
2025-09-16 16:42:14,Hyderabad,25.23,Haze,haze
2025-09-16 16:42:14,Delhi,31.05,Haze,haze
2025-09-16 16:42:14,Chennai,28.88,Mist,mist
2025-09-16 16:42:14,Kolkata,27.97,Haze,haze
2025-09-17 01:59:58,Mumbai,25.99,Mist,mist
2025-09-17 01:59:58,Hyderabad,24.23,Mist,mist
2025-09-17 01:59:59,Delhi,28.05,Mist,mist
2025-09-17 01:59:59,Chennai,24.99,Mist,mist
2025-09-17 01:59:59,Kolkata,27.97,Haze,haze
2025-09-17 04:38:28,Mumbai,26.99,Mist,mist
2025-09-17 04:38:28,Hyderabad,26.23,Mist,mist
2025-09-17 04:38:28,Delhi,31.05,Haze,haze
2025-09-17 04:38:28,Chennai,29.44,Clouds,scattered clouds
2025-09-17 04:38:28,Kolkata,29.97,Haze,haze
2025-09-17 08:42:25,Mumbai,28.99,Haze,haze
2025-09-17 08:42:25,Hyderabad,29.23,Haze,haze
2025-09-17 08:42:25,Delhi,35.56,Clouds,broken clouds
2025-09-17 08:42:25,Chennai,32.5,Clouds,scattered clouds
2025-09-17 08:42:25,Kolkata,27.97,Thunderstorm,thunderstorm
2025-09-17 13:01:07,Mumbai,28.05,Mist,mist
2025-09-17 13:01:08,Hyderabad,28.23,Haze,haze
2025-09-17 13:01:08,Delhi,30.05,Haze,haze
2025-09-17 13:01:08,Chennai,29.47,Clouds,scattered clouds
2025-09-17 13:01:08,Kolkata,29.97,Haze,haze
2025-09-17 16:42:06,Mumbai,27.99,Mist,mist
2025-09-17 16:42:06,Hyderabad,23.23,Clouds,broken clouds
2025-09-17 16:42:06,Delhi,28.05,Mist,mist
2025-09-17 16:42:06,Chennai,29.11,Mist,mist
2025-09-17 16:42:06,Kolkata,28.97,Haze,haze
2025-09-18 02:00:19,Mumbai,25.99,Clouds,broken clouds
2025-09-18 02:00:19,Hyderabad,24.23,Mist,mist
2025-09-18 02:00:19,Delhi,27.05,Mist,mist
2025-09-18 02:00:19,Chennai,27.58,Mist,mist
2025-09-18 02:00:19,Kolkata,28.97,Haze,haze
2025-09-18 04:38:34,Mumbai,27.99,Mist,mist
2025-09-18 04:38:35,Hyderabad,28.23,Mist,mist
2025-09-18 04:38:35,Delhi,30.05,Haze,haze
2025-09-18 04:38:35,Chennai,31.38,Clouds,few clouds
2025-09-18 04:38:35,Kolkata,31.97,Clouds,scattered clouds
2025-09-18 08:42:12,Mumbai,28.99,Haze,haze
2025-09-18 08:42:12,Hyderabad,31.23,Haze,haze
2025-09-18 08:42:12,Delhi,28.05,Mist,mist
2025-09-18 08:42:12,Chennai,33.97,Clouds,scattered clouds
2025-09-18 08:42:12,Kolkata,33.97,Haze,haze
2025-09-18 13:00:34,Mumbai,27.99,Haze,haze
2025-09-18 13:00:34,Hyderabad,23.23,Clouds,scattered clouds
2025-09-18 13:00:34,Delhi,31.05,Haze,haze
2025-09-18 13:00:34,Chennai,28.76,Clouds,broken clouds
2025-09-18 13:00:34,Kolkata,31.97,Haze,haze
2025-09-18 16:41:52,Mumbai,26.99,Mist,mist
2025-09-18 16:41:53,Hyderabad,25.23,Mist,mist
2025-09-18 16:41:53,Delhi,30.05,Mist,mist
2025-09-18 16:41:53,Chennai,24.99,Rain,light rain
2025-09-18 16:41:53,Kolkata,28.97,Haze,haze
2025-09-19 02:09:40,Mumbai,25.99,Mist,mist
2025-09-19 02:09:40,Hyderabad,25.23,Mist,mist
2025-09-19 02:09:41,Delhi,28.05,Mist,mist
2025-09-19 02:09:41,Chennai,26.42,Clouds,scattered clouds
2025-09-19 02:09:41,Kolkata,29.97,Haze,haze
2025-09-19 04:39:12,Mumbai,27.99,Clouds,broken clouds
2025-09-19 04:39:13,Hyderabad,26.23,Haze,haze
2025-09-19 04:39:13,Delhi,31.05,Haze,haze
2025-09-19 04:39:13,Chennai,29.22,Mist,mist
2025-09-19 04:39:13,Kolkata,31.97,Haze,haze
2025-09-19 08:41:37,Mumbai,28.99,Mist,mist
2025-09-19 08:41:37,Hyderabad,29.23,Haze,haze
2025-09-19 08:41:37,Delhi,34.05,Haze,haze
2025-09-19 08:41:38,Chennai,31.18,Mist,mist
2025-09-19 08:41:38,Kolkata,32.97,Haze,haze
2025-09-19 12:59:55,Mumbai,25.99,Mist,mist
2025-09-19 12:59:55,Hyderabad,29.23,Haze,haze
2025-09-19 12:59:55,Delhi,33.05,Haze,haze
2025-09-19 12:59:55,Chennai,26.09,Clouds,broken clouds
2025-09-19 12:59:55,Kolkata,29.97,Haze,haze
2025-09-19 16:41:34,Mumbai,25.99,Mist,mist
2025-09-19 16:41:34,Hyderabad,25.23,Thunderstorm,thunderstorm with light rain
2025-09-19 16:41:34,Delhi,31.05,Haze,haze
2025-09-19 16:41:34,Chennai,25.86,Clouds,scattered clouds
2025-09-19 16:41:34,Kolkata,28.97,Haze,haze
2025-09-20 01:58:15,Mumbai,25.99,Mist,mist
2025-09-20 01:58:15,Hyderabad,24.23,Mist,mist
2025-09-20 01:58:15,Delhi,27.05,Mist,mist
2025-09-20 01:58:15,Chennai,25.76,Drizzle,light intensity drizzle
2025-09-20 01:58:15,Kolkata,29.97,Mist,mist
2025-09-20 04:38:17,Mumbai,26.99,Mist,mist
2025-09-20 04:38:17,Hyderabad,26.73,Haze,haze
2025-09-20 04:38:17,Delhi,31.05,Haze,haze
2025-09-20 04:38:17,Chennai,27.99,Mist,mist
2025-09-20 04:38:17,Kolkata,31.97,Haze,haze
2025-09-20 08:38:38,Mumbai,29.99,Clouds,broken clouds
2025-09-20 08:38:38,Hyderabad,30.23,Clouds,scattered clouds
2025-09-20 08:38:38,Delhi,34.05,Haze,haze
2025-09-20 08:38:39,Chennai,30.92,Mist,mist
2025-09-20 08:38:39,Kolkata,25.97,Thunderstorm,thunderstorm with light rain
2025-09-20 12:55:56,Mumbai,28.99,Mist,mist
2025-09-20 12:55:56,Hyderabad,29.23,Clouds,scattered clouds
2025-09-20 12:55:57,Delhi,32.05,Haze,haze
2025-09-20 12:55:57,Chennai,29.9,Clouds,scattered clouds
2025-09-20 12:55:57,Kolkata,26.97,Haze,haze
2025-09-20 16:36:53,Mumbai,27.99,Mist,mist
2025-09-20 16:36:53,Hyderabad,26.23,Haze,haze
2025-09-20 16:36:53,Delhi,30.05,Haze,haze
2025-09-20 16:36:54,Chennai,27.59,Mist,mist
2025-09-20 16:36:54,Kolkata,26.97,Haze,haze
2025-09-21 02:16:48,Mumbai,25.99,Mist,mist
2025-09-21 02:16:48,Hyderabad,24.23,Mist,mist
2025-09-21 02:16:48,Delhi,27.05,Mist,mist
2025-09-21 02:16:49,Chennai,27.61,Drizzle,light intensity drizzle
2025-09-21 02:16:49,Kolkata,27.97,Haze,haze
2025-09-21 04:38:52,Mumbai,26.99,Mist,mist
2025-09-21 04:38:52,Hyderabad,28.23,Haze,haze
2025-09-21 04:38:52,Delhi,31.05,Haze,haze
2025-09-21 04:38:52,Chennai,29.69,Mist,mist
2025-09-21 04:38:53,Kolkata,31.97,Haze,haze
2025-09-21 08:37:23,Mumbai,28.99,Clouds,broken clouds
2025-09-21 08:37:23,Hyderabad,31.23,Clouds,scattered clouds
2025-09-21 08:37:23,Delhi,33.05,Haze,haze
2025-09-21 08:37:24,Chennai,31.94,Clouds,broken clouds
2025-09-21 08:37:24,Kolkata,32.97,Haze,haze
2025-09-21 12:55:09,Mumbai,26.99,Mist,mist
2025-09-21 12:55:09,Hyderabad,29.23,Thunderstorm,thunderstorm
2025-09-21 12:55:09,Delhi,33.05,Haze,haze
2025-09-21 12:55:09,Chennai,30.65,Clouds,scattered clouds
2025-09-21 12:55:09,Kolkata,30.97,Haze,haze
2025-09-21 16:38:29,Mumbai,25.99,Clouds,broken clouds
2025-09-21 16:38:29,Hyderabad,23.23,Clouds,scattered clouds
2025-09-21 16:38:29,Delhi,31.05,Haze,haze
2025-09-21 16:38:29,Chennai,28.53,Clouds,broken clouds
2025-09-21 16:38:29,Kolkata,28.97,Haze,haze
2025-09-22 02:16:34,Mumbai,25.99,Clouds,overcast clouds
2025-09-22 02:16:34,Hyderabad,24.23,Mist,mist
2025-09-22 02:16:34,Delhi,27.05,Haze,haze
2025-09-22 02:16:35,Chennai,27.16,Mist,mist
2025-09-22 02:16:35,Kolkata,27.97,Clouds,overcast clouds
2025-09-22 04:39:14,Mumbai,25.99,Clouds,overcast clouds
2025-09-22 04:39:14,Hyderabad,27.23,Haze,haze
2025-09-22 04:39:14,Delhi,31.05,Haze,haze
2025-09-22 04:39:14,Chennai,29.72,Clouds,scattered clouds
2025-09-22 04:39:15,Kolkata,28.97,Mist,mist
2025-09-22 08:44:05,Mumbai,25.99,Clouds,overcast clouds
2025-09-22 08:44:05,Hyderabad,29.23,Mist,mist
2025-09-22 08:44:05,Delhi,34.05,Clouds,few clouds
2025-09-22 08:44:05,Chennai,31.94,Clouds,scattered clouds
2025-09-22 08:44:05,Kolkata,29.97,Haze,haze
2025-09-22 13:02:26,Mumbai,27.99,Mist,mist
2025-09-22 13:02:26,Hyderabad,24.23,Rain,light rain
2025-09-22 13:02:26,Delhi,33.05,Haze,haze
2025-09-22 13:02:26,Chennai,30.39,Haze,haze
2025-09-22 13:02:26,Kolkata,28.97,Haze,haze
2025-09-22 16:41:59,Mumbai,26.99,Clouds,broken clouds
2025-09-22 16:41:59,Hyderabad,23.73,Mist,mist
2025-09-22 16:41:59,Delhi,31.05,Haze,haze
2025-09-22 16:41:59,Chennai,28.73,Mist,mist
2025-09-22 16:41:59,Kolkata,27.97,Haze,haze
2025-09-23 02:01:34,Mumbai,24.99,Clouds,broken clouds
2025-09-23 02:01:34,Hyderabad,23.73,Mist,mist
2025-09-23 02:01:34,Delhi,26.05,Haze,haze
2025-09-23 02:01:34,Chennai,26.28,Mist,mist
2025-09-23 02:01:34,Kolkata,25.97,Rain,light rain
2025-09-23 04:39:12,Mumbai,25.99,Mist,mist
2025-09-23 04:39:12,Hyderabad,25.23,Mist,mist
2025-09-23 04:39:12,Delhi,31.05,Haze,haze
2025-09-23 04:39:12,Chennai,29.79,Mist,mist
2025-09-23 04:39:12,Kolkata,27.97,Haze,haze
2025-09-23 08:42:27,Mumbai,28.99,Haze,haze
2025-09-23 08:42:27,Hyderabad,27.23,Haze,haze
2025-09-23 08:42:27,Delhi,34.05,Clear,clear sky
2025-09-23 08:42:27,Chennai,33.77,Clouds,scattered clouds
2025-09-23 08:42:27,Kolkata,26.97,Clouds,broken clouds
2025-09-23 13:00:36,Mumbai,27.99,Haze,haze
2025-09-23 13:00:36,Hyderabad,26.23,Haze,haze
2025-09-23 13:00:36,Delhi,33.05,Clear,clear sky
2025-09-23 13:00:36,Chennai,31.43,Clouds,scattered clouds
2025-09-23 13:00:39,Kolkata,27.97,Haze,haze
2025-09-23 16:42:31,Mumbai,26.99,Drizzle,drizzle
2025-09-23 16:42:31,Hyderabad,23.23,Haze,haze
2025-09-23 16:42:31,Delhi,30.05,Haze,haze
2025-09-23 16:42:31,Chennai,30.47,Clouds,scattered clouds
2025-09-23 16:42:32,Kolkata,27.97,Haze,haze
2025-09-24 02:07:27,Mumbai,25.99,Mist,mist
2025-09-24 02:07:27,Hyderabad,23.23,Mist,mist
2025-09-24 02:07:27,Delhi,26.05,Haze,haze
2025-09-24 02:07:27,Chennai,28.1,Mist,mist
2025-09-24 02:07:27,Kolkata,27.97,Haze,haze
2025-09-24 04:39:37,Mumbai,27.99,Mist,mist
2025-09-24 04:39:37,Hyderabad,24.23,Mist,mist
2025-09-24 04:39:37,Delhi,30.05,Haze,haze
2025-09-24 04:39:37,Chennai,30.46,Clouds,scattered clouds
2025-09-24 04:39:37,Kolkata,30.97,Haze,haze
2025-09-24 08:43:26,Mumbai,29.99,Haze,haze
2025-09-24 08:43:26,Hyderabad,28.73,Mist,mist
2025-09-24 08:43:26,Delhi,34.05,Clear,clear sky
2025-09-24 08:43:26,Chennai,33.56,Clouds,scattered clouds
2025-09-24 08:43:26,Kolkata,31.97,Haze,haze
2025-09-24 13:01:20,Mumbai,27.58,Clouds,overcast clouds
2025-09-24 13:01:21,Hyderabad,26.3,Clouds,overcast clouds
2025-09-24 13:01:21,Delhi,34.38,Clear,clear sky
2025-09-24 13:01:21,Chennai,32.06,Clouds,overcast clouds
2025-09-24 13:01:21,Kolkata,28.77,Clouds,overcast clouds
2025-09-24 16:43:36,Mumbai,27.14,Clouds,overcast clouds
2025-09-24 16:43:36,Hyderabad,23.46,Clouds,overcast clouds
2025-09-24 16:43:36,Delhi,31.53,Clear,clear sky
2025-09-24 16:43:37,Chennai,30.86,Clouds,overcast clouds
2025-09-24 16:43:37,Kolkata,27.05,Clouds,broken clouds
2025-09-25 02:09:24,Mumbai,26.22,Clouds,overcast clouds
2025-09-25 02:09:24,Hyderabad,23.21,Clouds,overcast clouds
2025-09-25 02:09:24,Delhi,27.06,Clear,clear sky
2025-09-25 02:09:25,Chennai,28.92,Clouds,broken clouds
2025-09-25 02:09:25,Kolkata,28.13,Clouds,broken clouds
2025-09-25 04:39:31,Mumbai,27.99,Mist,mist
2025-09-25 04:39:31,Hyderabad,25.23,Haze,haze
2025-09-25 04:39:31,Delhi,30.05,Clear,clear sky
2025-09-25 04:39:31,Chennai,31.71,Clouds,scattered clouds
2025-09-25 04:39:31,Kolkata,31.97,Haze,haze
2025-09-25 08:43:01,Mumbai,27.69,Clouds,broken clouds
2025-09-25 08:43:01,Hyderabad,24.31,Clouds,overcast clouds
2025-09-25 08:43:01,Delhi,36.84,Clear,clear sky
2025-09-25 08:43:01,Chennai,33.28,Clouds,scattered clouds
2025-09-25 08:43:02,Kolkata,32.96,Clouds,overcast clouds
2025-09-25 13:02:11,Mumbai,28.99,Haze,haze
2025-09-25 13:02:11,Hyderabad,22.23,Clouds,overcast clouds
2025-09-25 13:02:11,Delhi,33.05,Clear,clear sky
2025-09-25 13:02:11,Chennai,33.58,Clouds,scattered clouds
2025-09-25 13:02:11,Kolkata,28.97,Haze,haze
2025-09-25 16:42:56,Mumbai,27.99,Haze,haze
2025-09-25 16:42:56,Hyderabad,22.23,Clouds,overcast clouds
2025-09-25 16:42:56,Delhi,31.05,Haze,haze
2025-09-25 16:42:56,Chennai,29.32,Mist,mist
2025-09-25 16:42:57,Kolkata,26.97,Haze,haze
2025-09-26 02:08:30,Mumbai,25.99,Mist,mist
2025-09-26 02:08:30,Hyderabad,22.23,Drizzle,light intensity drizzle
2025-09-26 02:08:30,Delhi,25.05,Mist,mist
2025-09-26 02:08:30,Chennai,27.65,Mist,mist
2025-09-26 02:08:30,Kolkata,28.97,Haze,haze
2025-09-26 04:39:16,Mumbai,26.85,Clouds,broken clouds
2025-09-26 04:39:16,Hyderabad,24.61,Clouds,overcast clouds
2025-09-26 04:39:16,Delhi,33.9,Clear,clear sky
2025-09-26 04:39:16,Chennai,32.15,Clouds,overcast clouds
2025-09-26 04:39:17,Kolkata,32.22,Clouds,overcast clouds
2025-09-26 08:42:36,Mumbai,29.99,Haze,haze
2025-09-26 08:42:36,Hyderabad,26.31,Clouds,overcast clouds
2025-09-26 08:42:37,Delhi,35.05,Clear,clear sky
2025-09-26 08:42:37,Chennai,33.67,Clouds,broken clouds
2025-09-26 08:42:37,Kolkata,32.97,Haze,haze
2025-09-26 13:00:30,Mumbai,27.99,Clouds,broken clouds
2025-09-26 13:00:30,Hyderabad,24.23,Mist,mist
2025-09-26 13:00:30,Delhi,33.05,Haze,haze
2025-09-26 13:00:30,Chennai,29.38,Haze,haze
2025-09-26 13:00:30,Kolkata,28.97,Haze,haze
2025-09-26 16:42:01,Mumbai,27.99,Mist,mist
2025-09-26 16:42:02,Hyderabad,23.23,Mist,mist
2025-09-26 16:42:02,Delhi,31.05,Haze,haze
2025-09-26 16:42:02,Chennai,26.87,Thunderstorm,thunderstorm
2025-09-26 16:42:02,Kolkata,28.97,Haze,haze
2025-09-27 01:57:48,Mumbai,27.99,Thunderstorm,thunderstorm with rain
2025-09-27 01:57:48,Hyderabad,23.23,Drizzle,light intensity drizzle
2025-09-27 01:57:48,Delhi,28.05,Mist,mist
2025-09-27 01:57:48,Chennai,28.47,Mist,mist
2025-09-27 01:57:48,Kolkata,28.97,Haze,haze
2025-09-27 04:38:24,Mumbai,23.99,Clouds,overcast clouds
2025-09-27 04:38:24,Hyderabad,23.23,Drizzle,light intensity drizzle
2025-09-27 04:38:24,Delhi,32.05,Haze,haze
2025-09-27 04:38:24,Chennai,31.64,Clouds,scattered clouds
2025-09-27 04:38:24,Kolkata,30.97,Haze,haze
2025-09-27 08:37:56,Mumbai,26.99,Mist,mist
2025-09-27 08:37:56,Hyderabad,24.23,Drizzle,light intensity drizzle
2025-09-27 08:37:56,Delhi,35.05,Haze,haze
2025-09-27 08:37:56,Chennai,34.9,Clouds,scattered clouds
2025-09-27 08:37:56,Kolkata,32.97,Haze,haze
2025-09-27 12:54:04,Mumbai,25.99,Clouds,overcast clouds
2025-09-27 12:54:04,Hyderabad,24.23,Mist,mist
2025-09-27 12:54:04,Delhi,34.05,Haze,haze
2025-09-27 12:54:04,Chennai,32.79,Haze,haze
2025-09-27 12:54:04,Kolkata,29.97,Haze,haze
2025-09-27 16:38:20,Mumbai,26.99,Rain,light rain
2025-09-27 16:38:20,Hyderabad,23.23,Mist,mist
2025-09-27 16:38:20,Delhi,32.05,Haze,haze
2025-09-27 16:38:21,Chennai,28.46,Clouds,scattered clouds
2025-09-27 16:38:21,Kolkata,27.97,Haze,haze
2025-09-28 02:17:39,Mumbai,24.99,Rain,moderate rain
2025-09-28 02:17:39,Hyderabad,23.23,Mist,mist
2025-09-28 02:17:39,Delhi,30.05,Mist,mist
2025-09-28 02:17:39,Chennai,28.57,Clouds,scattered clouds
2025-09-28 02:17:39,Kolkata,28.97,Haze,haze
2025-09-28 04:38:32,Mumbai,23.99,Rain,heavy intensity rain
2025-09-28 04:38:32,Hyderabad,23.23,Haze,haze
2025-09-28 04:38:32,Delhi,32.05,Haze,haze
2025-09-28 04:38:32,Chennai,32.03,Clouds,scattered clouds
2025-09-28 04:38:32,Kolkata,31.97,Haze,haze
2025-09-28 08:37:49,Mumbai,25.99,Rain,moderate rain
2025-09-28 08:37:50,Hyderabad,24.23,Mist,mist
2025-09-28 08:37:50,Delhi,36.05,Haze,haze
2025-09-28 08:37:50,Chennai,34.49,Clouds,broken clouds
2025-09-28 08:37:50,Kolkata,32.97,Haze,haze
2025-09-28 12:55:07,Mumbai,25.99,Mist,mist
2025-09-28 12:55:07,Hyderabad,25.23,Haze,haze
2025-09-28 12:55:08,Delhi,34.05,Haze,haze
2025-09-28 12:55:08,Chennai,32.47,Clouds,scattered clouds
2025-09-28 12:55:08,Kolkata,29.97,Haze,haze
2025-09-28 16:37:18,Mumbai,26.1,Clouds,overcast clouds
2025-09-28 16:37:18,Hyderabad,22.49,Clouds,scattered clouds
2025-09-28 16:37:18,Delhi,32.48,Clouds,few clouds
2025-09-28 16:37:18,Chennai,29.98,Clouds,overcast clouds
2025-09-28 16:37:18,Kolkata,26.94,Clouds,overcast clouds
2025-09-29 02:11:20,Mumbai,25.99,Rain,moderate rain
2025-09-29 02:11:20,Hyderabad,23.23,Haze,haze
2025-09-29 02:11:20,Delhi,27.05,Mist,mist
2025-09-29 02:11:20,Chennai,28.14,Mist,mist
2025-09-29 02:11:20,Kolkata,29.97,Haze,haze
2025-09-29 04:41:00,Mumbai,26.6,Clouds,overcast clouds
2025-09-29 04:41:00,Hyderabad,26.15,Clouds,few clouds
2025-09-29 04:41:00,Delhi,33.42,Clear,clear sky
2025-09-29 04:41:00,Chennai,32.61,Clouds,overcast clouds
2025-09-29 04:41:00,Kolkata,29.45,Clouds,overcast clouds
2025-09-29 08:45:14,Mumbai,27.99,Haze,haze
2025-09-29 08:45:14,Hyderabad,29.23,Clouds,scattered clouds
2025-09-29 08:45:14,Delhi,35.05,Haze,haze
2025-09-29 08:45:14,Chennai,33.39,Clouds,broken clouds
2025-09-29 08:45:15,Kolkata,33.97,Haze,haze
2025-09-29 13:03:04,Mumbai,27.22,Clouds,overcast clouds
2025-09-29 13:03:04,Hyderabad,26.92,Clouds,scattered clouds
2025-09-29 13:03:04,Delhi,34.48,Clouds,overcast clouds
2025-09-29 13:03:05,Chennai,31.48,Clouds,overcast clouds
2025-09-29 13:03:05,Kolkata,30.33,Clouds,scattered clouds
2025-09-29 16:36:28,Mumbai,25.99,Mist,mist
2025-09-29 16:36:28,Hyderabad,24.23,Mist,mist
2025-09-29 16:36:28,Delhi,30.05,Haze,haze
2025-09-29 16:36:28,Chennai,30.08,Mist,mist
2025-09-29 16:36:29,Kolkata,30.97,Haze,haze
2025-09-30 02:01:18,Mumbai,26.35,Clouds,overcast clouds
2025-09-30 02:01:18,Hyderabad,22.56,Clouds,overcast clouds
2025-09-30 02:01:18,Delhi,30.27,Clouds,broken clouds
2025-09-30 02:01:18,Chennai,27.91,Clouds,overcast clouds
2025-09-30 02:01:18,Kolkata,29.42,Clouds,few clouds
2025-09-30 04:39:25,Mumbai,27.99,Mist,mist
2025-09-30 04:39:25,Hyderabad,27.23,Haze,haze
2025-09-30 04:39:25,Delhi,31.05,Haze,haze
2025-09-30 04:39:26,Chennai,28.99,Clouds,broken clouds
2025-09-30 04:39:26,Kolkata,32.97,Haze,haze
2025-09-30 08:44:35,Mumbai,29.99,Haze,haze
2025-09-30 08:44:35,Hyderabad,30.23,Clouds,scattered clouds
2025-09-30 08:44:35,Delhi,23.05,Thunderstorm,thunderstorm with light rain
2025-09-30 08:44:35,Chennai,32.45,Clouds,scattered clouds
2025-09-30 08:44:35,Kolkata,30.97,Thunderstorm,thunderstorm
2025-09-30 13:03:19,Mumbai,26.99,Mist,mist
2025-09-30 13:03:19,Hyderabad,27.23,Haze,haze
2025-09-30 13:03:20,Delhi,26.05,Mist,mist
2025-09-30 13:03:20,Chennai,30.48,Clouds,overcast clouds
2025-09-30 13:03:20,Kolkata,29.97,Haze,haze
2025-09-30 16:42:55,Mumbai,26.82,Clouds,overcast clouds
2025-09-30 16:42:56,Hyderabad,24.45,Clouds,scattered clouds
2025-09-30 16:42:56,Delhi,29.81,Clouds,broken clouds
2025-09-30 16:42:56,Chennai,28.27,Clouds,overcast clouds
2025-09-30 16:42:56,Kolkata,30.34,Clouds,overcast clouds
2025-10-01 02:19:12,Mumbai,26.4,Clouds,overcast clouds
2025-10-01 02:19:12,Hyderabad,23.23,Clouds,broken clouds
2025-10-01 02:19:12,Delhi,27.44,Clouds,overcast clouds
2025-10-01 02:19:12,Chennai,26.88,Clouds,overcast clouds
2025-10-01 02:19:13,Kolkata,29.89,Clouds,scattered clouds
2025-10-01 04:39:38,Mumbai,27.99,Mist,mist
2025-10-01 04:39:38,Hyderabad,27.23,Clouds,scattered clouds
2025-10-01 04:39:38,Delhi,28.05,Mist,mist
2025-10-01 04:39:38,Chennai,29.79,Clouds,broken clouds
2025-10-01 04:39:38,Kolkata,31.97,Haze,haze
2025-10-01 08:43:10,Mumbai,29.99,Haze,haze
2025-10-01 08:43:10,Hyderabad,29.23,Clouds,broken clouds
2025-10-01 08:43:10,Delhi,32.05,Haze,haze
2025-10-01 08:43:10,Chennai,32.64,Clouds,broken clouds
2025-10-01 08:43:10,Kolkata,31.97,Haze,haze
2025-10-01 13:02:56,Mumbai,27.99,Mist,mist
2025-10-01 13:02:56,Hyderabad,26.23,Haze,haze
2025-10-01 13:02:56,Delhi,30.05,Haze,haze
2025-10-01 13:02:56,Chennai,30.33,Haze,haze
2025-10-01 13:02:56,Kolkata,27.97,Haze,haze
2025-10-01 16:42:53,Mumbai,26.67,Clouds,overcast clouds
2025-10-01 16:42:53,Hyderabad,23.63,Clouds,overcast clouds
2025-10-01 16:42:53,Delhi,30.23,Clouds,broken clouds
2025-10-01 16:42:53,Chennai,27.66,Clouds,overcast clouds
2025-10-01 16:42:54,Kolkata,27.26,Clouds,overcast clouds
2025-10-02 02:01:33,Mumbai,25.74,Clouds,overcast clouds
2025-10-02 02:01:33,Hyderabad,23.87,Clouds,overcast clouds
2025-10-02 02:01:33,Delhi,27.73,Clear,clear sky
2025-10-02 02:01:33,Chennai,27.18,Clouds,overcast clouds
2025-10-02 02:01:33,Kolkata,25.51,Clouds,overcast clouds
2025-10-02 04:38:16,Mumbai,27.99,Mist,mist
2025-10-02 04:38:16,Hyderabad,25.23,Haze,haze
2025-10-02 04:38:16,Delhi,30.05,Haze,haze
2025-10-02 04:38:16,Chennai,30.9,Clouds,broken clouds
2025-10-02 04:38:16,Kolkata,28.97,Haze,haze
2025-10-02 08:42:12,Mumbai,29.99,Haze,haze
2025-10-02 08:42:12,Hyderabad,28.23,Haze,haze
2025-10-02 08:42:12,Delhi,33.05,Haze,haze
2025-10-02 08:42:12,Chennai,33.15,Clouds,broken clouds
2025-10-02 08:42:13,Kolkata,26.97,Thunderstorm,thunderstorm with light rain
2025-10-02 12:59:03,Mumbai,27.02,Clouds,overcast clouds
2025-10-02 12:59:04,Hyderabad,26.2,Clouds,overcast clouds
2025-10-02 12:59:04,Delhi,32.25,Clouds,broken clouds
2025-10-02 12:59:04,Chennai,29.86,Clouds,overcast clouds
2025-10-02 12:59:04,Kolkata,26.2,Rain,light rain
2025-10-02 16:42:31,Mumbai,25.99,Mist,mist
2025-10-02 16:42:31,Hyderabad,24.23,Haze,haze
2025-10-02 16:42:31,Delhi,26.05,Mist,mist
2025-10-02 16:42:31,Chennai,29.7,Clouds,scattered clouds
2025-10-02 16:42:31,Kolkata,26.97,Haze,haze
2025-10-03 02:00:21,Mumbai,25.99,Mist,mist
2025-10-03 02:00:22,Hyderabad,24.23,Haze,haze
2025-10-03 02:00:22,Delhi,25.05,Mist,mist
2025-10-03 02:00:22,Chennai,26.39,Mist,mist
2025-10-03 02:00:22,Kolkata,26.97,Haze,haze
2025-10-03 04:38:31,Mumbai,28.99,Mist,mist
2025-10-03 04:38:31,Hyderabad,28.23,Clouds,scattered clouds
2025-10-03 04:38:31,Delhi,28.05,Mist,mist
2025-10-03 04:38:31,Chennai,28.99,Mist,mist
2025-10-03 04:38:31,Kolkata,28.97,Haze,haze
2025-10-03 08:40:53,Mumbai,27.27,Clouds,scattered clouds
2025-10-03 08:40:54,Hyderabad,29.51,Clouds,overcast clouds
2025-10-03 08:40:54,Delhi,34.27,Clear,clear sky
2025-10-03 08:40:54,Chennai,29.93,Clouds,broken clouds
2025-10-03 08:40:54,Kolkata,28.46,Rain,light rain
2025-10-03 12:58:19,Mumbai,28.99,Haze,haze
2025-10-03 12:58:19,Hyderabad,28.23,Haze,haze
2025-10-03 12:58:19,Delhi,31.05,Haze,haze
2025-10-03 12:58:19,Chennai,29.43,Clouds,scattered clouds
2025-10-03 12:58:19,Kolkata,27.97,Haze,haze
